latitude,longitude,depth,mag 
43.6532,-79.3832,-0.3947551953299143,16
43.6532,-79.3832,2.291714348147234,103
43.6404,-79.3995,0.1610660895274267,34
43.648,-79.4177,0.28458193060683584,38
43.6532,-79.3832,2.260835387877382,102
43.6532,-79.3832,2.291714348147234,103
43.652,-79.3633,-0.5182710364093235,12
43.6532,-79.3832,-0.20948143371080064,22
43.6449,-79.3843,-0.33299727479020974,18
43.6532,-79.3832,2.3225933084170864,104
43.6532,-79.3832,2.260835387877382,102
43.6532,-79.3832,2.260835387877382,102
43.6655,-79.4204,-0.3947551953299143,16
43.652,-79.3633,-0.48739207613947116,13
43.6555,-79.3626,-0.48739207613947116,13
43.8208,-79.2393,-0.3947551953299143,16
43.6655,-79.4204,-0.3947551953299143,16
43.652,-79.3633,-0.48739207613947116,13
43.652,-79.3633,-0.5182710364093235,12
43.6532,-79.3832,-0.24036039398065293,21
43.6656,-79.383,0.09930816898772216,32
43.6447,-79.3841,-0.36387623506006206,17
43.6532,-79.3832,2.291714348147234,103
43.6532,-79.3832,2.260835387877382,102
43.652,-79.3633,-0.48739207613947116,13
43.652,-79.3633,-0.48739207613947116,13
43.623,-79.3936,2.8784145932744276,122
43.821,-79.3436,-0.48739207613947116,13
43.652,-79.3633,-0.5182710364093235,12
43.821,-79.3436,0.5007346524958018,45
43.821,-79.3436,-0.5182710364093235,12
43.6555,-79.3626,-0.4565131158696189,14
43.6532,-79.3832,0.09930816898772216,32
43.6486,-79.3817,0.191945049797279,35
43.6555,-79.3626,-0.6417868774887325,8
43.623,-79.3936,2.724019791925166,117
43.6532,-79.3832,-0.20948143371080064,22
43.7,-79.5667,0.0375502484480176,30
43.6404,-79.3995,-0.4565131158696189,14
43.6532,-79.3832,2.291714348147234,103
43.652,-79.3633,-0.6109079172188803,9
43.7545,-79.33,-0.3021183145203575,19
43.652,-79.3633,-0.6109079172188803,9
43.6555,-79.3626,-0.6109079172188803,9
43.6555,-79.3626,-0.6417868774887325,8
43.652,-79.3633,-0.6417868774887325,8
43.6532,-79.3832,2.291714348147234,103
43.652,-79.3633,-0.6109079172188803,9
43.6555,-79.3626,-0.6109079172188803,9
43.652,-79.3633,-0.5491499966791757,11
43.652,-79.3633,-0.580028956949028,10
43.6532,-79.3832,-0.24036039398065293,21
43.6532,-79.3832,2.260835387877382,102
43.652,-79.3633,-0.6109079172188803,9
43.652,-79.3633,-0.6109079172188803,9
43.812,-79.5335,-0.36387623506006206,17
40.7128,-74.0059,0.13018712925757445,33
43.6555,-79.3626,-0.6109079172188803,9
43.6532,-79.3832,2.3225933084170864,104
43.6748,-79.4839,-0.1168445529012438,25
43.6532,-79.3832,2.260835387877382,102
43.6513,-79.3756,-0.36387623506006206,17
43.6532,-79.3832,2.3225933084170864,104
43.6555,-79.3626,-0.580028956949028,10
43.6555,-79.3626,-0.6109079172188803,9
43.6532,-79.3832,-0.3021183145203575,19
43.6532,-79.3832,2.260835387877382,102
43.6532,-79.3832,2.291714348147234,103
43.652,-79.3633,-0.48739207613947116,13
43.6532,-79.3832,-0.24036039398065293,21
43.821,-79.3436,-0.6109079172188803,9
43.6532,-79.3832,-0.24036039398065293,21
43.6449,-79.3843,-0.48739207613947116,13
43.6555,-79.3626,-0.6109079172188803,9
43.652,-79.3633,-0.6109079172188803,9
43.6509,-79.362,-0.580028956949028,10
43.6555,-79.3626,-0.6109079172188803,9
43.652,-79.3633,-0.6417868774887325,8
43.652,-79.3633,-0.6109079172188803,9
43.6532,-79.3832,2.291714348147234,103
43.652,-79.3633,-0.580028956949028,10
43.6033,-79.538,-0.17860247344094837,23
43.6861,-79.4025,0.5624925730355064,47
43.652,-79.3633,-0.6109079172188803,9
43.6414,-79.3772,-0.580028956949028,10
43.652,-79.3633,-0.6109079172188803,9
43.6532,-79.3832,-0.20948143371080064,22
43.652,-79.3633,-0.580028956949028,10
43.6532,-79.3832,-0.20948143371080064,22
43.6532,-79.3832,-0.4256341555997666,15
43.652,-79.3633,-0.6109079172188803,9
43.6446,-79.3842,-0.4256341555997666,15
45.4215,-75.6972,2.7857777124648706,119
43.6532,-79.3832,2.3225933084170864,104
43.6532,-79.3832,-0.24036039398065293,21
43.6532,-79.3832,2.291714348147234,103
43.6655,-79.4204,-0.2712393542505052,20
43.652,-79.3633,-0.6109079172188803,9
43.6532,-79.3832,2.260835387877382,102
43.652,-79.3633,-0.6109079172188803,9
43.6532,-79.3832,-0.20948143371080064,22
43.6449,-79.3843,1.0256769770832908,62
43.652,-79.3633,-0.580028956949028,10
43.6447,-79.3841,-0.5182710364093235,12
43.6532,-79.3832,2.3225933084170864,104
43.652,-79.3633,-0.580028956949028,10
43.6555,-79.3626,-0.6109079172188803,9
43.623,-79.3936,0.3154608908766881,39
43.6532,-79.3832,2.260835387877382,102
43.6509,-79.362,-0.580028956949028,10
43.652,-79.3633,-0.6109079172188803,9
43.6532,-79.3832,-0.24036039398065293,21
43.652,-79.3633,-0.6109079172188803,9
43.6655,-79.4204,-0.24036039398065293,21
43.6486,-79.3817,0.2537029703369836,37
43.652,-79.3633,-0.580028956949028,10
43.6532,-79.3832,1.0256769770832908,62
43.6532,-79.3832,2.291714348147234,103
43.7694,-79.4921,0.06842920871786988,31
43.6532,-79.3832,-0.20948143371080064,22
43.6446,-79.3842,-0.36387623506006206,17
43.6913,-79.3116,0.5007346524958018,45
43.6532,-79.3832,-0.20948143371080064,22
43.6532,-79.3832,2.260835387877382,102
43.6532,-79.3832,2.291714348147234,103
43.6532,-79.3832,2.260835387877382,102
43.652,-79.3633,-0.6417868774887325,8
43.623,-79.3936,2.754898752195018,118
43.6532,-79.3832,2.291714348147234,103
43.652,-79.3633,-0.5491499966791757,11
43.6532,-79.3832,-0.24036039398065293,21
43.6656,-79.383,0.28458193060683584,38
43.6532,-79.3832,-0.24036039398065293,21
43.6383,-79.4301,-0.08596559263139153,26
43.6532,-79.3832,-0.24036039398065293,21
43.6655,-79.4204,0.963919056543586,60
45.4215,-75.6972,2.940172513814132,124
43.6532,-79.3832,2.291714348147234,103
43.6555,-79.3626,-0.6109079172188803,9
43.652,-79.3633,-0.580028956949028,10
43.6532,-79.3832,2.291714348147234,103
43.652,-79.3633,-0.5491499966791757,11
43.652,-79.3633,-0.6109079172188803,9
43.6325,-79.4939,-0.580028956949028,10
43.6532,-79.3832,-0.4256341555997666,15
43.6532,-79.3832,-0.20948143371080064,22
43.6532,-79.3832,2.291714348147234,103
43.6449,-79.3843,-0.5182710364093235,12
43.6629,-79.3987,-0.580028956949028,10
43.6532,-79.3832,2.260835387877382,102
43.6509,-79.362,-0.580028956949028,10
43.6033,-79.538,-0.36387623506006206,17
43.652,-79.3633,-0.6109079172188803,9
43.6532,-79.3832,2.816656672734723,120
43.652,-79.3633,-0.6109079172188803,9
43.6532,-79.3832,-0.20948143371080064,22
43.8092,-79.3427,-0.580028956949028,10
43.652,-79.3633,-0.6109079172188803,9
43.6532,-79.3832,-0.4565131158696189,14
43.6966,-79.412,0.191945049797279,35
43.6448,-79.384,-0.17860247344094837,23
43.6532,-79.3832,2.291714348147234,103
43.6532,-79.3832,2.291714348147234,103
43.6532,-79.3832,2.260835387877382,102
43.6496,-79.3833,-0.33299727479020974,18
43.821,-79.3436,-0.580028956949028,10
43.652,-79.3633,-0.6109079172188803,9
43.6532,-79.3832,2.260835387877382,102
43.652,-79.3633,-0.17860247344094837,23
43.6404,-79.3995,-0.580028956949028,10
43.6555,-79.3626,-0.36387623506006206,17
43.6655,-79.4204,1.3035876195119611,71
43.652,-79.3633,-0.580028956949028,10
43.6404,-79.3995,0.9330400962737337,59
43.652,-79.3633,-0.580028956949028,10
43.623,-79.3936,0.34633985114654037,40
43.821,-79.3436,0.7168873743847678,52
43.6803,-79.3538,0.5933715333053586,48
43.623,-79.3936,2.971051474083984,125
43.6532,-79.3832,-0.20948143371080064,22
43.6532,-79.3832,-0.20948143371080064,22
43.8025,-79.344,-0.580028956949028,10
43.6532,-79.3832,-0.580028956949028,10
43.652,-79.3633,-0.6109079172188803,9
43.652,-79.3633,-0.580028956949028,10
43.652,-79.3633,-0.580028956949028,10
43.6447,-79.3841,-0.4565131158696189,14
43.6532,-79.3832,2.3534722686869385,105
43.6655,-79.4204,0.9947980168134384,61
43.6532,-79.3832,-0.1168445529012438,25
43.6509,-79.362,-0.580028956949028,10
43.6532,-79.3832,2.291714348147234,103
43.6532,-79.3832,2.3225933084170864,104
43.6655,-79.4204,-0.4256341555997666,15
43.6509,-79.362,-0.48739207613947116,13
43.6655,-79.4204,-0.20948143371080064,22
43.7568,-79.521,-0.33299727479020974,18
43.652,-79.3633,-0.48739207613947116,13
43.3688,-79.7556,-0.5182710364093235,12
43.6446,-79.3842,-0.4256341555997666,15
45.5017,-73.5673,-0.4256341555997666,15
43.6449,-79.3843,-0.48739207613947116,13
50.1109,8.68213,2.3534722686869385,105
43.6509,-79.362,-0.580028956949028,10
43.6915,-79.4307,-0.48739207613947116,13
43.6447,-79.3841,-0.17860247344094837,23
43.6655,-79.4204,-0.3947551953299143,16
43.6655,-79.4204,-0.33299727479020974,18
43.6447,-79.3841,-0.4256341555997666,15
43.652,-79.3633,-0.48739207613947116,13
40.8054,-74.0241,-0.055086632361539246,27
43.6509,-79.362,-0.48739207613947116,13
52.3563,4.95714,2.0755616262582683,96
40.8302,-74.1299,-0.08596559263139153,26
41.8781,-87.6298,1.3962245003215181,74
43.6655,-79.4204,0.191945049797279,35
43.623,-79.3936,2.8784145932744276,122
45.5017,-73.5673,-0.4256341555997666,15
43.782,-79.4713,-0.580028956949028,10
43.8064,-79.5995,-0.3947551953299143,16
43.6447,-79.3841,-0.48739207613947116,13
25.7617,-80.1918,0.6551294538450632,50
43.623,-79.3936,2.8784145932744276,122
43.652,-79.3633,-0.48739207613947116,13
43.6449,-79.3843,-0.5182710364093235,12
43.6655,-79.4204,-0.4256341555997666,15
43.7135,-79.3887,-0.580028956949028,10
52.3563,4.95714,2.013803705718564,94
43.821,-79.3436,-0.580028956949028,10
47.5136,-67.3923,-0.580028956949028,10
43.6448,-79.384,-0.2712393542505052,20
50.1109,8.68213,2.291714348147234,103
43.6509,-79.362,-0.580028956949028,10
43.7334,-79.3329,0.28458193060683584,38
43.6446,-79.3842,-0.4565131158696189,14
43.652,-79.3633,-0.580028956949028,10
43.6447,-79.3841,-0.5182710364093235,12
49.2827,-123.121,1.3344665797818134,72
43.623,-79.3936,2.9092935535442797,123
49.2827,-123.121,1.3962245003215181,74
43.6655,-79.4204,-0.2712393542505052,20
43.652,-79.3633,-0.6109079172188803,9
40.8302,-74.1299,-0.17860247344094837,23
43.623,-79.3936,2.754898752195018,118
44.7333,-81.1333,-0.08596559263139153,26
43.6404,-79.3995,-0.6109079172188803,9
43.6509,-79.362,-0.580028956949028,10
43.652,-79.3633,-0.6109079172188803,9
12.8498,77.6545,6.985316309164781,255
52.3563,4.95714,2.013803705718564,94
43.6447,-79.3841,-0.48739207613947116,13
43.623,-79.3936,2.9092935535442797,123
43.6532,-79.3832,-0.5182710364093235,12
52.3563,4.95714,1.9829247454487113,93
43.6447,-79.3841,-0.48739207613947116,13
43.6655,-79.4204,-0.2712393542505052,20
43.8092,-79.3427,-0.6109079172188803,9
43.745,-79.359,0.28458193060683584,38
43.6509,-79.362,-0.6109079172188803,9
43.652,-79.3633,-0.6109079172188803,9
43.6033,-79.538,-0.5182710364093235,12
44.7333,-81.1333,0.8095242551943246,55
43.8208,-79.2393,-0.024207672091686967,28
43.7694,-79.4921,0.4389767319560972,43
43.7673,-79.4111,0.7168873743847678,52
43.652,-79.3633,-0.6109079172188803,9
43.652,-79.3633,-0.6109079172188803,9
34.1052,-118.147,1.735893063289893,85
43.6509,-79.362,-0.580028956949028,10
34.1052,-118.147,-0.20948143371080064,22
45.5014,-73.5627,-0.024207672091686967,28
43.652,-79.3633,-0.6109079172188803,9
43.652,-79.3633,-0.4565131158696189,14
43.6447,-79.3841,-0.5182710364093235,12
43.6414,-79.3772,-0.6109079172188803,9
43.6655,-79.4204,-0.2712393542505052,20
43.6448,-79.384,-0.5182710364093235,12
43.6486,-79.3817,0.4389767319560972,43
51.4742,-0.0797189,2.8784145932744276,122
43.652,-79.3633,-0.580028956949028,10
50.1109,8.68213,2.1990774673376774,100
43.6913,-79.3116,0.46985569222594953,44
12.8498,77.6545,6.861800468085372,251
43.6509,-79.362,-0.3947551953299143,16
52.3563,4.95714,2.013803705718564,94
43.6655,-79.4204,-0.5491499966791757,11
43.652,-79.3633,-0.5491499966791757,11
40.8302,-74.1299,-0.1168445529012438,25
40.8302,-74.1299,-0.14772351317109608,24
42.0249,-93.6143,-0.36387623506006206,17
43.8259,-79.2518,-0.33299727479020974,18
43.652,-79.3633,-0.4565131158696189,14
40.8302,-74.1299,-0.14772351317109608,24
40.8302,-74.1299,-0.024207672091686967,28
51.4742,-0.0797189,2.1064405865281204,97
40.8054,-74.0241,-0.14772351317109608,24
43.6485,-79.3832,-0.5491499966791757,11
40.8302,-74.1299,-0.17860247344094837,23
39.0438,-77.4874,1.7976509838295978,87
45.4215,-75.6972,2.971051474083984,125
43.6509,-79.362,-0.580028956949028,10
43.652,-79.3633,-0.6109079172188803,9
43.821,-79.3436,-0.580028956949028,10
43.652,-79.3633,-0.580028956949028,10
43.652,-79.3633,-0.580028956949028,10
40.8302,-74.1299,-0.14772351317109608,24
52.3563,4.95714,1.9829247454487113,93
40.8302,-74.1299,-0.17860247344094837,23
43.8599,-79.341,-0.2712393542505052,20
50.1109,8.68213,2.291714348147234,103
43.5973,-79.5478,0.1610660895274267,34
43.652,-79.3633,-0.6109079172188803,9
45.5029,-73.5723,-0.08596559263139153,26
50.1109,8.68213,2.291714348147234,103
40.8054,-74.0241,-0.14772351317109608,24
50.1109,8.68213,2.3534722686869385,105
50.1109,8.68213,2.260835387877382,102
51.4742,-0.0797189,2.0755616262582683,96
43.8669,-79.4414,-0.2712393542505052,20
43.652,-79.3633,-0.580028956949028,10
12.8498,77.6545,6.830921507815519,250
43.6655,-79.4204,-0.2712393542505052,20
34.0581,-118.235,1.6432561824803362,82
40.7128,-74.0059,-0.20948143371080064,22
41.8781,-87.6298,1.7976509838295978,87
51.4742,-0.0797189,2.4152301892266435,107
43.652,-79.3633,-0.5491499966791757,11
50.1109,8.68213,2.260835387877382,102
45.5017,-73.5673,-0.4256341555997666,15
40.8302,-74.1299,-0.17860247344094837,23
40.8302,-74.1299,-0.20948143371080064,22
43.6472,-79.3816,0.0375502484480176,30
40.8302,-74.1299,-0.14772351317109608,24
45.5017,-73.5673,-0.3947551953299143,16
40.8302,-74.1299,-0.17860247344094837,23
43.6446,-79.3842,-0.5182710364093235,12
40.4642,-80.6009,-0.580028956949028,10
40.8054,-74.0241,-0.14772351317109608,24
43.6655,-79.4378,0.191945049797279,35
43.652,-79.3633,-0.580028956949028,10
43.6532,-79.3832,0.5316136127656541,46
40.8054,-74.0241,-0.20948143371080064,22
45.5017,-73.5673,-0.4256341555997666,15
43.652,-79.3633,-0.6109079172188803,9
43.652,-79.3633,-0.6109079172188803,9
43.8092,-79.3427,-0.6109079172188803,9
43.6555,-79.3626,-0.6109079172188803,9
40.8054,-74.0241,-0.17860247344094837,23
43.6509,-79.362,-0.580028956949028,10
43.6446,-79.3842,-0.4256341555997666,15
43.6655,-79.4204,-0.33299727479020974,18
43.6414,-79.3772,-0.5491499966791757,11
40.8302,-74.1299,-0.20948143371080064,22
43.6449,-79.3843,-0.024207672091686967,28
40.8054,-74.0241,-0.024207672091686967,28
43.652,-79.3633,-0.5491499966791757,11
43.821,-79.3436,-0.6109079172188803,9
43.5637,-79.7202,-0.3947551953299143,16
45.5017,-73.5673,-0.3947551953299143,16
39.0438,-77.4874,1.6741351427501885,83
12.8498,77.6545,7.10883215024419,259
43.652,-79.3633,-0.6109079172188803,9
50.1109,8.68213,2.168198507067825,99
43.6509,-79.362,-0.6109079172188803,9
40.8054,-74.0241,-0.1168445529012438,25
43.2783,-79.8344,-0.24036039398065293,21
43.6449,-79.3843,-0.3947551953299143,16
43.6383,-79.4301,-0.5491499966791757,11
40.7128,-74.0059,-0.36387623506006206,17
49.2672,-122.738,-0.580028956949028,10
43.623,-79.3936,2.8784145932744276,122
43.6033,-79.538,-0.3947551953299143,16
43.623,-79.3936,2.940172513814132,124
40.8054,-74.0241,-0.17860247344094837,23
43.652,-79.3633,-0.580028956949028,10
43.6302,-79.6786,-0.3021183145203575,19
43.6532,-79.3832,-0.33299727479020974,18
43.8092,-79.3427,-0.6109079172188803,9
43.623,-79.3936,2.724019791925166,117
43.782,-79.4713,-0.6109079172188803,9
40.8054,-74.0241,-0.14772351317109608,24
43.652,-79.3633,-0.6109079172188803,9
43.6446,-79.3842,-0.3947551953299143,16
43.6509,-79.362,-0.6109079172188803,9
43.6447,-79.3841,-0.48739207613947116,13
50.1109,8.68213,2.291714348147234,103
43.6736,-79.4035,-0.4565131158696189,14
43.6532,-79.3832,0.5624925730355064,47
50.1109,8.68213,2.260835387877382,102
43.652,-79.3633,-0.6109079172188803,9
40.8054,-74.0241,-0.14772351317109608,24
43.6934,-79.4857,-0.5182710364093235,12
40.8302,-74.1299,-0.17860247344094837,23
40.8302,-74.1299,-0.20948143371080064,22
51.4742,-0.0797189,2.1064405865281204,97
43.5148,-79.884,-0.36387623506006206,17
50.1109,8.68213,2.260835387877382,102
51.4742,-0.0797189,2.0755616262582683,96
45.5029,-73.5723,-0.14772351317109608,24
40.8302,-74.1299,-0.17860247344094837,23
43.623,-79.3936,2.940172513814132,124
51.4742,-0.0797189,2.0755616262582683,96
43.623,-79.3936,0.3154608908766881,39
25.7617,-80.1918,0.6551294538450632,50
43.6532,-79.3832,0.3772188114163927,41
43.6496,-79.3833,-0.580028956949028,10
43.7081,-79.4479,-0.17860247344094837,23
43.7795,-79.4895,-0.20948143371080064,22
45.0292,-74.7316,-0.20948143371080064,22
43.6413,-79.6296,-0.580028956949028,10
43.623,-79.3936,2.9092935535442797,123
50.1109,8.68213,2.3225933084170864,104
43.623,-79.3936,2.754898752195018,118
43.623,-79.3936,2.754898752195018,118
43.6655,-79.4204,-0.580028956949028,10
43.652,-79.3633,-0.580028956949028,10
25.033,121.565,1.3344665797818134,72
12.8498,77.6545,7.016195269434633,256
43.623,-79.3936,2.8784145932744276,122
43.6486,-79.3817,0.22282401006713126,36
43.6655,-79.4204,-0.3947551953299143,16
43.6655,-79.4204,1.0256769770832908,62
43.7143,-79.4065,-0.3947551953299143,16
43.6532,-79.3832,0.09930816898772216,32
43.4581,-80.4818,-0.3021183145203575,19
43.6655,-79.4204,1.056555937353143,63
43.652,-79.3633,-0.6109079172188803,9
43.6033,-79.538,-0.3947551953299143,16
40.8302,-74.1299,-0.17860247344094837,23
40.8054,-74.0241,-0.17860247344094837,23
45.5017,-73.5673,-0.4256341555997666,15
43.652,-79.3633,-0.48739207613947116,13
43.821,-79.3436,-0.08596559263139153,26
43.652,-79.3633,-0.6417868774887325,8
40.8054,-74.0241,-0.14772351317109608,24
43.6509,-79.362,-0.6109079172188803,9
51.4742,-0.0797189,2.1064405865281204,97
43.6509,-79.362,-0.6109079172188803,9
43.6459,-79.3879,0.5624925730355064,47
43.7598,-79.5565,-0.6109079172188803,9
43.6651,-79.4104,-0.48739207613947116,13
43.8208,-79.2393,-0.3947551953299143,16
43.652,-79.3633,-0.6109079172188803,9
50.1109,8.68213,2.168198507067825,99
50.1109,8.68213,2.291714348147234,103
37.3598,-121.981,1.5814982619406317,80
40.8302,-74.1299,-0.17860247344094837,23
43.652,-79.3633,-0.6109079172188803,9
43.8501,-79.5163,-0.6109079172188803,9
43.8092,-79.3427,-0.48739207613947116,13
43.821,-79.3436,-0.48739207613947116,13
40.8054,-74.0241,-0.20948143371080064,22
40.8054,-74.0241,-0.14772351317109608,24
34.1052,-118.147,-0.24036039398065293,21
43.6283,-79.67,-0.5491499966791757,11
43.652,-79.3633,-0.5491499966791757,11
43.6447,-79.3841,-0.4565131158696189,14
40.8054,-74.0241,-0.17860247344094837,23
43.6655,-79.4204,-0.2712393542505052,20
12.8498,77.6545,7.10883215024419,259
40.8302,-74.1299,0.28458193060683584,38
43.6509,-79.362,-0.6109079172188803,9
43.652,-79.3633,-0.6109079172188803,9
43.6655,-79.4204,-0.2712393542505052,20
43.652,-79.3633,-0.580028956949028,10
43.652,-79.3633,-0.5182710364093235,12
43.6509,-79.362,-0.5182710364093235,12
37.3598,-121.981,1.5814982619406317,80
43.652,-79.3633,-0.6417868774887325,8
43.648,-79.4177,0.7168873743847678,52
43.652,-79.3633,-0.6109079172188803,9
43.8092,-79.3427,-0.6109079172188803,9
43.6449,-79.3843,-0.5491499966791757,11
43.6449,-79.3843,-0.5182710364093235,12
39.7106,-104.988,1.7667720235597453,86
43.652,-79.3633,-0.6109079172188803,9
43.6509,-79.362,-0.6109079172188803,9
40.8302,-74.1299,-0.17860247344094837,23
37.3598,-121.981,1.612377222210484,81
43.652,-79.3633,-0.6417868774887325,8
40.8302,-74.1299,-0.20948143371080064,22
40.8054,-74.0241,-0.17860247344094837,23
37.3598,-121.981,1.612377222210484,81
40.8302,-74.1299,-0.1168445529012438,25
40.8054,-74.0241,-0.17860247344094837,23
40.8054,-74.0241,-0.17860247344094837,23
43.8669,-79.4414,-0.5491499966791757,11
43.6532,-79.3832,-0.3947551953299143,16
40.8054,-74.0241,-0.17860247344094837,23
40.8054,-74.0241,-0.17860247344094837,23
43.652,-79.3633,-0.6109079172188803,9
43.6555,-79.3626,-0.6109079172188803,9
37.3598,-121.981,1.612377222210484,81
40.8054,-74.0241,-0.17860247344094837,23
43.652,-79.3633,-0.6109079172188803,9
43.821,-79.3436,-0.580028956949028,10
43.6541,-79.3978,0.22282401006713126,36
43.652,-79.3633,-0.6417868774887325,8
43.6555,-79.3626,-0.580028956949028,10
43.6509,-79.362,-0.5182710364093235,12
43.6555,-79.3626,-0.580028956949028,10
43.6033,-79.538,-0.3947551953299143,16
43.652,-79.3633,-0.580028956949028,10
43.6449,-79.3843,1.0256769770832908,62
43.6509,-79.362,-0.580028956949028,10
43.6509,-79.362,-0.6109079172188803,9
43.623,-79.3936,2.9092935535442797,123
43.6541,-79.3978,-0.580028956949028,10
33.749,-84.388,0.6551294538450632,50
43.652,-79.3633,-0.6109079172188803,9
43.6784,-79.2941,0.22282401006713126,36
40.8054,-74.0241,-0.17860247344094837,23
40.8054,-74.0241,-0.17860247344094837,23
43.6561,-79.3406,-0.4565131158696189,14
43.8025,-79.344,-0.580028956949028,10
43.652,-79.3633,-0.6109079172188803,9
43.7545,-79.33,0.2537029703369836,37
40.8054,-74.0241,-0.17860247344094837,23
43.6447,-79.3841,-0.48739207613947116,13
43.652,-79.3633,-0.6109079172188803,9
43.6404,-79.3995,-0.6109079172188803,9
43.6509,-79.362,-0.5182710364093235,12
43.6509,-79.362,-0.580028956949028,10
43.6655,-79.4204,0.28458193060683584,38
43.6509,-79.362,-0.6417868774887325,8
43.652,-79.3633,-0.580028956949028,10
43.7801,-79.3479,-0.36387623506006206,17
43.6655,-79.4204,-0.48739207613947116,13
49.2827,-123.121,1.3035876195119611,71
40.8054,-74.0241,-0.1168445529012438,25
43.652,-79.3633,-0.6109079172188803,9
40.8302,-74.1299,-0.1168445529012438,25
49.2672,-122.738,-0.580028956949028,10
43.821,-79.3436,-0.580028956949028,10
43.782,-79.4713,-0.6109079172188803,9
43.652,-79.3633,-0.580028956949028,10
25.7617,-80.1918,0.8404032154641768,56
43.652,-79.3633,-0.48739207613947116,13
40.8054,-74.0241,-0.14772351317109608,24
43.652,-79.3633,-0.580028956949028,10
43.623,-79.3936,2.754898752195018,118
37.3598,-121.981,1.612377222210484,81
43.652,-79.3633,-0.580028956949028,10
43.623,-79.3936,3.0019304343538367,126
25.7617,-80.1918,0.6551294538450632,50
40.8302,-74.1299,-0.17860247344094837,23
43.8259,-79.2518,-0.36387623506006206,17
44.0929,-77.9384,-0.08596559263139153,26
40.8054,-74.0241,-0.1168445529012438,25
40.8054,-74.0241,-0.024207672091686967,28
43.652,-79.3633,-0.4565131158696189,14
40.8054,-74.0241,-0.17860247344094837,23
40.8054,-74.0241,-0.1168445529012438,25
37.3598,-121.981,1.612377222210484,81
43.623,-79.3936,2.8784145932744276,122
40.8054,-74.0241,-0.17860247344094837,23
43.652,-79.3633,-0.36387623506006206,17
43.6449,-79.3843,1.0256769770832908,62
43.821,-79.3436,0.5316136127656541,46
50.1109,8.68213,2.1990774673376774,100
43.652,-79.3633,-0.6109079172188803,9
43.8092,-79.3427,-0.6109079172188803,9
40.8302,-74.1299,-0.20948143371080064,22
43.6555,-79.3626,-0.580028956949028,10
43.6447,-79.3841,-0.3021183145203575,19
40.8054,-74.0241,-0.14772351317109608,24
40.8302,-74.1299,-0.17860247344094837,23
43.6655,-79.4204,-0.48739207613947116,13
43.652,-79.3633,-0.580028956949028,10
43.6414,-79.3772,-0.5491499966791757,11
43.6449,-79.3843,-0.48739207613947116,13
41.8781,-87.6298,1.7667720235597453,86
43.652,-79.3633,-0.6417868774887325,8
40.8054,-74.0241,-0.1168445529012438,25
40.8054,-74.0241,-0.055086632361539246,27
40.8302,-74.1299,-0.14772351317109608,24
40.8054,-74.0241,0.006671288178165313,29
43.623,-79.3936,2.9092935535442797,123
43.652,-79.3633,-0.6109079172188803,9
43.652,-79.3633,-0.6109079172188803,9
43.623,-79.3936,2.971051474083984,125
43.6449,-79.3843,-0.5182710364093235,12
43.8092,-79.3427,-0.580028956949028,10
38.6383,-121.5072,1.3035876195119611,71
40.8054,-74.0241,-0.14772351317109608,24
43.8025,-79.344,-0.5491499966791757,11
43.6449,-79.3843,-0.48739207613947116,13
43.821,-79.3436,-0.6109079172188803,9
43.6449,-79.3843,-0.5182710364093235,12
43.6449,-79.3843,-0.48739207613947116,13
43.6449,-79.3843,-0.48739207613947116,13
43.6449,-79.3843,-0.4565131158696189,14
43.6449,-79.3843,-0.5182710364093235,12
40.8054,-74.0241,-0.1168445529012438,25
43.6449,-79.3843,0.13018712925757445,33
43.652,-79.3633,-0.580028956949028,10
40.8054,-74.0241,-0.17860247344094837,23
50.1109,8.68213,2.2299564276075294,101
43.6449,-79.3843,-0.48739207613947116,13
51.4742,-0.0797189,2.1064405865281204,97
40.8302,-74.1299,-0.17860247344094837,23
43.652,-79.3633,-0.580028956949028,10
40.8054,-74.0241,-0.1168445529012438,25
40.8054,-74.0241,-0.14772351317109608,24
40.8054,-74.0241,-0.1168445529012438,25
43.652,-79.3633,-0.6109079172188803,9
43.6509,-79.362,-0.580028956949028,10
43.782,-79.4713,-0.3947551953299143,16
43.652,-79.3633,-0.580028956949028,10
50.1109,8.68213,2.3225933084170864,104
43.6447,-79.3841,-0.5182710364093235,12
51.4742,-0.0797189,2.044682665988416,95
43.3688,-79.7556,-0.5182710364093235,12
45.5373,-73.6017,-0.580028956949028,10
43.6915,-79.4307,-0.48739207613947116,13
50.1109,8.68213,2.3225933084170864,104
43.821,-79.3436,0.5007346524958018,45
43.7673,-79.4111,-0.48739207613947116,13
40.8054,-74.0241,-0.17860247344094837,23
40.8302,-74.1299,-0.055086632361539246,27
40.8302,-74.1299,-0.20948143371080064,22
40.8302,-74.1299,-0.20948143371080064,22
40.8302,-74.1299,-0.17860247344094837,23
43.6486,-79.3817,0.28458193060683584,38
40.8302,-74.1299,-0.17860247344094837,23
43.6684,-79.3689,0.191945049797279,35
40.8302,-74.1299,-0.17860247344094837,23
45.5029,-73.5723,-0.33299727479020974,18
40.8054,-74.0241,-0.17860247344094837,23
43.6033,-79.538,-0.36387623506006206,17
40.8302,-74.1299,-0.17860247344094837,23
40.8054,-74.0241,-0.17860247344094837,23
40.8054,-74.0241,-0.17860247344094837,23
43.6509,-79.362,-0.5491499966791757,11
43.8501,-79.5163,-0.6417868774887325,8
45.4289,-75.6844,-0.3021183145203575,19
45.5029,-73.5723,-0.3947551953299143,16
43.652,-79.3633,-0.5182710364093235,12
52.3563,4.95714,1.9829247454487113,93
43.6447,-79.3841,-0.36387623506006206,17
53.5181,-113.5797,1.7667720235597453,86
52.3563,4.95714,2.044682665988416,95
45.5029,-73.5723,-0.3947551953299143,16
45.5029,-73.5723,-0.3947551953299143,16
43.6655,-79.4204,-0.36387623506006206,17
45.4215,-75.6972,2.8784145932744276,122
43.8025,-79.344,-0.580028956949028,10
43.652,-79.3633,-0.4565131158696189,14
43.8259,-79.2518,1.0874348976229953,64
43.652,-79.3633,-0.48739207613947116,13
40.8054,-74.0241,-0.17860247344094837,23
45.4347,-76.3518,-0.4565131158696189,14
43.6655,-79.4204,-0.3021183145203575,19
52.3563,4.95714,1.9829247454487113,93
40.8302,-74.1299,-0.17860247344094837,23
39.0438,-77.4874,0.1610660895274267,34
43.652,-79.3633,-0.4565131158696189,14
37.3598,-121.981,1.5814982619406317,80
43.6509,-79.362,-0.6109079172188803,9
39.0438,-77.4874,-0.24036039398065293,21
52.3563,4.95714,1.9829247454487113,93
43.652,-79.3633,-0.4565131158696189,14
43.652,-79.3633,-0.48739207613947116,13
43.6655,-79.4204,-0.36387623506006206,17
43.8025,-79.344,-0.48739207613947116,13
51.4742,-0.0797189,1.9829247454487113,93
43.652,-79.3633,-0.48739207613947116,13
43.623,-79.3936,2.8784145932744276,122
51.4742,-0.0797189,1.8902878646391545,90
45.5029,-73.5723,-0.3947551953299143,16
43.652,-79.3633,-0.48739207613947116,13
45.4215,-75.6972,2.754898752195018,118
43.6486,-79.3817,0.13018712925757445,33
43.6486,-79.3817,0.13018712925757445,33
43.6446,-79.3842,-0.3947551953299143,16
43.6532,-79.3832,-0.17860247344094837,23
43.652,-79.3633,-0.48739207613947116,13
43.821,-79.3436,-0.48739207613947116,13
43.7694,-79.4921,0.0375502484480176,30
37.3598,-121.981,1.5814982619406317,80
40.7128,-74.0059,1.2418296989722566,69
43.652,-79.3633,-0.48739207613947116,13
40.8302,-74.1299,-0.14772351317109608,24
43.6477,-79.5615,-0.2712393542505052,20
45.4215,-75.6972,2.940172513814132,124
43.652,-79.3633,-0.5182710364093235,12
43.782,-79.4713,-0.580028956949028,10
40.3136,-74.0653,-0.36387623506006206,17
45.5029,-73.5723,-0.36387623506006206,17
43.8669,-79.4414,-0.4565131158696189,14
40.8054,-74.0241,-0.17860247344094837,23
51.4742,-0.0797189,1.8902878646391545,90
45.5029,-73.5723,-0.33299727479020974,18
49.2827,-123.121,1.3344665797818134,72
49.2827,-123.121,1.2727086592421089,70
49.2827,-123.121,1.3035876195119611,71
43.652,-79.3633,-0.5182710364093235,12
49.2827,-123.121,1.3035876195119611,71
43.652,-79.3633,-0.5182710364093235,12
49.2827,-123.121,1.3035876195119611,71
43.6493,-79.3912,-0.48739207613947116,13
43.652,-79.3633,-0.48739207613947116,13
43.652,-79.3633,-0.5182710364093235,12
43.652,-79.3633,-0.5182710364093235,12
49.2827,-123.121,1.3035876195119611,71
43.652,-79.3633,-0.5182710364093235,12
49.2827,-123.121,1.3344665797818134,72
43.652,-79.3633,-0.48739207613947116,13
43.6934,-79.4857,-0.14772351317109608,24
43.652,-79.3633,-0.48739207613947116,13
43.6383,-79.4301,-0.17860247344094837,23
49.2827,-123.121,1.3035876195119611,71
49.2827,-123.121,1.3962245003215181,74
49.2827,-123.121,1.3344665797818134,72
49.2827,-123.121,1.3035876195119611,71
43.6446,-79.3842,-0.3947551953299143,16
49.2827,-123.121,1.3035876195119611,71
43.6414,-79.3772,-0.48739207613947116,13
43.652,-79.3633,-0.48739207613947116,13
43.652,-79.3633,-0.5182710364093235,12
43.6532,-79.3832,-0.48739207613947116,13
43.652,-79.3633,-0.5182710364093235,12
45.6453,-74.9496,0.006671288178165313,29
43.6387,-79.4262,-0.14772351317109608,24
43.6899,-79.3853,-0.5182710364093235,12
43.652,-79.3633,-0.4256341555997666,15
40.7357,-74.1724,-0.4565131158696189,14
43.652,-79.3633,-0.5182710364093235,12
43.782,-79.4713,-0.6109079172188803,9
49.2827,-123.121,1.3035876195119611,71
43.652,-79.3633,-0.5182710364093235,12
49.2827,-123.121,1.3035876195119611,71
49.2827,-123.121,1.3035876195119611,71
43.623,-79.3936,-0.6417868774887325,8
43.652,-79.3633,-0.5182710364093235,12
43.6404,-79.3995,-0.48739207613947116,13
49.2827,-123.121,1.3035876195119611,71
45.5029,-73.5723,0.28458193060683584,38
43.6486,-79.3817,0.13018712925757445,33
43.652,-79.3633,-0.5182710364093235,12
43.652,-79.3633,-0.5182710364093235,12
43.6446,-79.3842,-0.3947551953299143,16
43.6486,-79.3817,0.13018712925757445,33
43.652,-79.3633,-0.48739207613947116,13
43.6512,-79.4828,-0.3947551953299143,16
42.4184,-71.1321,0.191945049797279,35
43.623,-79.3936,2.847535633004575,121
43.7059,-79.3464,0.0375502484480176,30
43.8025,-79.344,-0.6109079172188803,9
43.6486,-79.3817,0.1610660895274267,34
43.6033,-79.538,-0.4256341555997666,15
43.6447,-79.3841,-0.20948143371080064,22
43.6532,-79.3832,-0.5182710364093235,12
43.652,-79.3633,-0.5491499966791757,11
43.6383,-79.4301,0.191945049797279,35
43.8025,-79.344,-0.5182710364093235,12
43.6414,-79.3772,-0.48739207613947116,13
43.652,-79.3633,-0.5182710364093235,12
43.6447,-79.3841,-0.48739207613947116,13
43.8025,-79.344,-0.580028956949028,10
43.6629,-79.3987,0.191945049797279,35
43.6629,-79.3987,0.22282401006713126,36
43.652,-79.3633,-0.48739207613947116,13
25.7617,-80.1918,0.6860084141149154,51
43.782,-79.4713,-0.580028956949028,10
43.652,-79.3633,-0.5182710364093235,12
43.6404,-79.3995,-0.580028956949028,10
43.6655,-79.4204,0.13018712925757445,33
43.652,-79.3633,-0.5182710364093235,12
44.0565,-79.4555,-0.24036039398065293,21
43.6509,-79.362,-0.5491499966791757,11
43.6446,-79.3842,0.1610660895274267,34
49.2672,-122.738,-0.580028956949028,10
43.652,-79.3633,-0.48739207613947116,13
43.6861,-79.4025,-0.580028956949028,10
43.652,-79.3633,-0.4565131158696189,14
43.652,-79.3633,-0.4256341555997666,15
43.6449,-79.3843,-0.3947551953299143,16
43.6404,-79.3995,-0.4565131158696189,14
43.652,-79.3633,-0.4256341555997666,15
45.5029,-73.5723,-0.3947551953299143,16
43.6656,-79.383,-0.36387623506006206,17
43.821,-79.3436,-0.5182710364093235,12
43.6033,-79.538,-0.4256341555997666,15
43.623,-79.3936,3.063688354893541,128
43.652,-79.3633,-0.48739207613947116,13
43.6449,-79.3843,-0.024207672091686967,28
43.652,-79.3633,-0.48739207613947116,13
43.782,-79.4713,-0.4565131158696189,14
43.6387,-79.4262,-0.14772351317109608,24
43.6447,-79.3841,-0.5182710364093235,12
43.652,-79.3633,-0.5182710364093235,12
43.652,-79.3633,-0.5182710364093235,12
43.6509,-79.362,-0.580028956949028,10
43.6456,-79.3754,-0.48739207613947116,13
43.821,-79.3436,-0.36387623506006206,17
40.7357,-74.1724,-0.3947551953299143,16
43.6509,-79.362,-0.6109079172188803,9
43.6509,-79.362,-0.580028956949028,10
43.652,-79.3633,-0.48739207613947116,13
43.6446,-79.3842,-0.17860247344094837,23
43.6446,-79.3842,-0.4256341555997666,15
43.6605,-79.4633,0.13018712925757445,33
43.8025,-79.344,-0.580028956949028,10
43.6446,-79.3842,-0.3947551953299143,16
43.6509,-79.362,-0.580028956949028,10
43.8599,-79.341,0.4389767319560972,43
43.652,-79.3633,-0.5182710364093235,12
53.2768,-3.01545,1.7050141030200407,84
43.6447,-79.3841,-0.5182710364093235,12
43.652,-79.3633,-0.5182710364093235,12
39.7106,-104.988,0.6551294538450632,50
43.6561,-79.3406,-0.4256341555997666,15
43.6033,-79.538,-0.3947551953299143,16
43.6447,-79.3841,-0.3947551953299143,16
43.6446,-79.3842,-0.4256341555997666,15
43.652,-79.3633,-0.6109079172188803,9
43.652,-79.3633,-0.6109079172188803,9
43.6532,-79.3832,-0.48739207613947116,13
43.652,-79.3633,-0.6109079172188803,9
43.6486,-79.3817,0.191945049797279,35
43.6486,-79.3817,0.191945049797279,35
43.8259,-79.2518,0.5624925730355064,47
43.652,-79.3633,-0.6417868774887325,8
43.6446,-79.3842,-0.4565131158696189,14
43.3688,-79.7556,-0.48739207613947116,13
45.5029,-73.5723,-0.1168445529012438,25
43.8025,-79.344,-0.6109079172188803,9
43.6446,-79.3842,-0.3947551953299143,16
43.6509,-79.362,-0.5491499966791757,11
43.652,-79.3633,-0.6109079172188803,9
43.6509,-79.362,-0.6109079172188803,9
43.6532,-79.3832,-0.48739207613947116,13
43.8092,-79.3427,-0.6417868774887325,8
43.652,-79.3633,-0.6109079172188803,9
45.4174,-75.698,0.5316136127656541,46
43.6509,-79.362,-0.33299727479020974,18
43.8025,-79.344,-0.5182710364093235,12
43.7801,-79.3479,0.22282401006713126,36
43.652,-79.3633,-0.580028956949028,10
43.6665,-79.8054,0.5624925730355064,47
43.652,-79.3633,-0.6417868774887325,8
43.652,-79.3633,-0.3947551953299143,16
43.8795,-79.7379,0.13018712925757445,33
43.652,-79.3633,-0.5182710364093235,12
43.6449,-79.3843,-0.5182710364093235,12
43.652,-79.3633,-0.6417868774887325,8
45.4347,-76.3518,-0.48739207613947116,13
43.4462,-79.6686,-0.33299727479020974,18
43.6447,-79.3841,-0.5182710364093235,12
43.652,-79.3633,-0.6417868774887325,8
43.8025,-79.344,-0.6109079172188803,9
43.6655,-79.4204,0.963919056543586,60
43.652,-79.3633,-0.48739207613947116,13
43.652,-79.3633,-0.5182710364093235,12
49.2672,-122.738,-0.6109079172188803,9
43.6404,-79.3995,-0.4565131158696189,14
43.652,-79.3633,-0.6109079172188803,9
43.652,-79.3633,-0.48739207613947116,13
43.652,-79.3633,-0.5182710364093235,12
34.0504,-118.374,1.7976509838295978,87
43.652,-79.3633,-0.580028956949028,10
43.6934,-79.4857,-0.5182710364093235,12
43.652,-79.3633,-0.6109079172188803,9
43.652,-79.3633,-0.6417868774887325,8
43.6541,-79.3978,-0.08596559263139153,26
37.7712,-122.4413,1.735893063289893,85
43.652,-79.3633,-0.6109079172188803,9
43.6446,-79.3842,-0.4256341555997666,15
43.6449,-79.3843,-0.5491499966791757,11
43.652,-79.3633,-0.6109079172188803,9
43.652,-79.3633,-0.6109079172188803,9
43.821,-79.3436,0.5933715333053586,48
43.652,-79.3633,-0.5182710364093235,12
43.6447,-79.3841,-0.48739207613947116,13
43.652,-79.3633,-0.6109079172188803,9
43.7615,-79.4111,-0.6109079172188803,9
43.6469,-79.3823,-0.3947551953299143,16
43.6555,-79.3626,0.3154608908766881,39
43.6509,-79.362,-0.6109079172188803,9
45.4215,-75.6972,2.940172513814132,124
43.6447,-79.3841,-0.4256341555997666,15
43.652,-79.3633,-0.6109079172188803,9
43.8599,-79.341,-0.14772351317109608,24
43.652,-79.3633,-0.6109079172188803,9
43.652,-79.3633,-0.6417868774887325,8
43.6447,-79.3841,-0.5182710364093235,12
43.7797,-79.3813,0.06842920871786988,31
43.623,-79.3936,3.063688354893541,128
43.6447,-79.3841,-0.5182710364093235,12
40.7128,-74.0059,-0.24036039398065293,21
43.6033,-79.538,-0.3947551953299143,16
43.6555,-79.3626,-0.17860247344094837,23
43.6541,-79.3978,-0.33299727479020974,18
43.652,-79.3633,-0.6109079172188803,9
43.652,-79.3633,-0.4256341555997666,15
43.6509,-79.362,-0.6109079172188803,9
43.7208,-79.3322,-0.24036039398065293,21
43.3688,-79.7556,-0.5182710364093235,12
43.652,-79.3633,-0.580028956949028,10
43.652,-79.3633,-0.580028956949028,10
43.6509,-79.362,-0.6109079172188803,9
43.6449,-79.3843,-0.36387623506006206,17
44.7501,-79.883,0.46985569222594953,44
43.6447,-79.3841,-0.48739207613947116,13
43.8259,-79.2518,-0.3021183145203575,19
39.0438,-77.4874,-0.4256341555997666,15
43.6509,-79.362,-0.48739207613947116,13
43.6414,-79.3772,-0.580028956949028,10
43.652,-79.3633,-0.6109079172188803,9
43.652,-79.3633,-0.48739207613947116,13
43.652,-79.3633,-0.5182710364093235,12
43.652,-79.3633,-0.48739207613947116,13
43.652,-79.3633,-0.580028956949028,10
43.652,-79.3633,-0.6109079172188803,9
43.652,-79.3633,-0.580028956949028,10
43.652,-79.3633,-0.580028956949028,10
43.652,-79.3633,-0.580028956949028,10
43.6509,-79.362,-0.6109079172188803,9
43.8025,-79.344,-0.6109079172188803,9
40.7128,-74.0059,-0.20948143371080064,22
43.652,-79.3633,-0.580028956949028,10
43.6414,-79.3772,-0.6109079172188803,9
43.652,-79.3633,-0.6109079172188803,9
25.7617,-80.1918,0.6551294538450632,50
40.7368,-74.1734,-0.024207672091686967,28
45.5029,-73.5723,-0.1168445529012438,25
43.623,-79.3936,3.3415989973222118,137
43.623,-79.3936,2.940172513814132,124
43.652,-79.3633,-0.6109079172188803,9
43.6447,-79.3841,-0.5182710364093235,12
41.8781,-87.6298,1.7667720235597453,86
43.6383,-79.4301,0.4389767319560972,43
25.7617,-80.1918,1.735893063289893,85
49.2827,-123.121,1.3344665797818134,72
43.652,-79.3633,-0.48739207613947116,13
43.652,-79.3633,-0.580028956949028,10
43.821,-79.3436,0.06842920871786988,31
43.7568,-79.521,-0.24036039398065293,21
43.6532,-79.3832,-0.6109079172188803,9
43.6414,-79.3772,-0.580028956949028,10
43.6446,-79.3842,-0.36387623506006206,17
43.6446,-79.3842,-0.3947551953299143,16
43.6446,-79.3842,-0.3947551953299143,16
43.6414,-79.3772,-0.580028956949028,10
43.652,-79.3633,-0.6109079172188803,9
43.6447,-79.3841,-0.48739207613947116,13
43.652,-79.3633,-0.33299727479020974,18
43.7081,-79.4479,-0.33299727479020974,18
49.2827,-123.121,1.3962245003215181,74
43.6447,-79.3841,-0.5182710364093235,12
43.6605,-79.3844,-0.20948143371080064,22
43.6512,-79.4828,-0.5182710364093235,12
43.652,-79.3633,-0.580028956949028,10
43.6532,-79.3832,-0.36387623506006206,17
43.652,-79.3633,-0.6109079172188803,9
43.652,-79.3633,-0.48739207613947116,13
43.6449,-79.3843,1.056555937353143,63
40.3136,-74.0653,-0.36387623506006206,17
45.5014,-73.5627,-0.024207672091686967,28
43.652,-79.3633,-0.5182710364093235,12
43.6509,-79.362,-0.580028956949028,10
43.652,-79.3633,-0.6109079172188803,9
43.3941,-79.7916,-0.3021183145203575,19
41.8781,-87.6298,-0.6109079172188803,9
43.6449,-79.3843,1.0256769770832908,62
39.0438,-77.4874,0.13018712925757445,33
39.0438,-77.4874,0.46985569222594953,44
43.6446,-79.3842,-0.4256341555997666,15
43.623,-79.3936,2.754898752195018,118
43.6748,-79.4839,-0.024207672091686967,28
43.623,-79.3936,2.8784145932744276,122
43.6033,-79.538,-0.3947551953299143,16
43.623,-79.3936,2.940172513814132,124
43.6387,-79.4262,0.006671288178165313,29
43.6509,-79.362,-0.6109079172188803,9
43.6509,-79.362,-0.6109079172188803,9
43.652,-79.3633,-0.48739207613947116,13
43.652,-79.3633,-0.6109079172188803,9
43.6655,-79.4204,-0.5182710364093235,12
45.0292,-74.7316,-0.3947551953299143,16
43.6414,-79.3772,-0.6417868774887325,8
39.0438,-77.4874,1.7667720235597453,86
43.6447,-79.3841,-0.14772351317109608,24
43.6446,-79.3842,-0.4256341555997666,15
41.8781,-87.6298,1.8902878646391545,90
43.652,-79.3633,-0.6109079172188803,9
43.6447,-79.3841,-0.5182710364093235,12
43.6464,-79.38,6.923558388625076,253
43.6509,-79.362,-0.6109079172188803,9
43.6655,-79.4204,-0.48739207613947116,13
43.652,-79.3633,-0.6109079172188803,9
43.6447,-79.3841,-0.5182710364093235,12
43.652,-79.3633,-0.6109079172188803,9
43.6655,-79.4204,-0.14772351317109608,24
43.652,-79.3633,-0.6109079172188803,9
43.652,-79.3633,-0.6109079172188803,9
43.8025,-79.344,-0.580028956949028,10
43.6446,-79.3842,-0.3947551953299143,16
43.652,-79.3633,-0.6109079172188803,9
43.652,-79.3633,-0.6109079172188803,9
43.652,-79.3633,-0.5182710364093235,12
43.652,-79.3633,-0.6109079172188803,9
43.652,-79.3633,-0.6417868774887325,8
43.8025,-79.344,-0.580028956949028,10
43.6449,-79.3843,0.9947980168134384,61
43.652,-79.3633,-0.6109079172188803,9
45.5014,-73.5627,-0.024207672091686967,28
43.652,-79.3633,-0.580028956949028,10
43.652,-79.3633,-0.5182710364093235,12
45.5029,-73.5723,0.006671288178165313,29
43.6605,-79.4633,-0.3947551953299143,16
43.652,-79.3633,-0.6109079172188803,9
43.7124,-79.3644,-0.3947551953299143,16
43.652,-79.3633,-0.6109079172188803,9
43.652,-79.3633,-0.6417868774887325,8
43.652,-79.3633,-0.6109079172188803,9
43.7143,-79.4065,0.2537029703369836,37
45.4347,-76.3518,-0.4565131158696189,14
43.652,-79.3633,-0.3947551953299143,16
43.6414,-79.3772,-0.6109079172188803,9
43.6655,-79.4204,1.056555937353143,63
43.821,-79.3436,0.6860084141149154,51
37.7712,-122.4413,1.735893063289893,85
43.6033,-79.538,-0.3947551953299143,16
43.6404,-79.3995,-0.3021183145203575,19
43.652,-79.3633,-0.5182710364093235,12
43.652,-79.3633,-0.6417868774887325,8
43.652,-79.3633,-0.6417868774887325,8
43.8599,-79.341,-0.2712393542505052,20
43.652,-79.3633,-0.2712393542505052,20
43.652,-79.3633,-0.5182710364093235,12
43.6532,-79.3832,-0.6417868774887325,8
43.652,-79.3633,-0.4565131158696189,14
43.652,-79.3633,-0.6109079172188803,9
43.652,-79.3633,-0.6417868774887325,8
43.652,-79.3633,-0.6109079172188803,9
43.652,-79.3633,-0.5182710364093235,12
43.6414,-79.3772,-0.6109079172188803,9
43.6414,-79.3772,-0.6417868774887325,8
43.821,-79.3436,-0.6417868774887325,8
43.652,-79.3633,-0.6417868774887325,8
43.6509,-79.362,-0.580028956949028,10
43.652,-79.3633,-0.6109079172188803,9
43.6509,-79.362,-0.6109079172188803,9
45.573,-73.5701,0.4389767319560972,43
43.652,-79.3633,-0.6109079172188803,9
43.652,-79.3633,-0.6109079172188803,9
43.652,-79.3633,-0.6109079172188803,9
43.652,-79.3633,-0.6417868774887325,8
43.652,-79.3633,-0.5491499966791757,11
43.6655,-79.4204,-0.4565131158696189,14
43.6447,-79.3841,-0.5182710364093235,12
43.6655,-79.4204,-0.4565131158696189,14
43.6447,-79.3841,-0.5182710364093235,12
40.7357,-74.1724,-0.4565131158696189,14
49.2672,-122.738,-0.580028956949028,10
43.6655,-79.4204,-0.4565131158696189,14
43.623,-79.3936,0.2537029703369836,37
43.6655,-79.4204,-0.4565131158696189,14
43.7535,-79.4472,-0.5182710364093235,12
32.7834,-96.8052,0.5933715333053586,48
43.6555,-79.3626,-0.48739207613947116,13
43.6447,-79.3841,-0.5182710364093235,12
43.6532,-79.3832,0.7168873743847678,52
43.6152,-79.5574,0.006671288178165313,29
43.652,-79.3633,-0.6417868774887325,8
43.652,-79.3633,-0.6417868774887325,8
32.7834,-96.8052,0.6242504935752109,49
43.6447,-79.3841,-0.48739207613947116,13
43.6447,-79.3841,-0.5182710364093235,12
43.6655,-79.4204,1.056555937353143,63
37.7712,-122.4413,1.7667720235597453,86
43.652,-79.3633,-0.6417868774887325,8
43.6458,-79.3858,-0.3947551953299143,16
41.8781,-87.6298,1.7976509838295978,87
43.6655,-79.4204,-0.3947551953299143,16
40.7128,-74.0059,-0.20948143371080064,22
43.6915,-79.4307,0.006671288178165313,29
43.7319,-79.4928,-0.24036039398065293,21
43.6496,-79.3833,-0.4565131158696189,14
43.6447,-79.3841,-0.5182710364093235,12
45.5029,-73.5723,-0.14772351317109608,24
43.652,-79.3633,-0.6109079172188803,9
43.4816,-80.5405,-0.4565131158696189,14
43.652,-79.3633,-0.580028956949028,10
43.652,-79.3633,-0.580028956949028,10
43.652,-79.3633,-0.6109079172188803,9
41.8781,-87.6298,1.7667720235597453,86
43.6447,-79.3841,-0.4565131158696189,14
43.6414,-79.3772,-0.6109079172188803,9
43.6447,-79.3841,-0.33299727479020974,18
43.652,-79.3633,-0.6109079172188803,9
43.8025,-79.344,-0.580028956949028,10
43.652,-79.3633,-0.6109079172188803,9
43.652,-79.3633,-0.48739207613947116,13
43.3688,-79.7556,-0.5182710364093235,12
45.5029,-73.5723,-0.024207672091686967,28
44.0565,-79.4555,-0.580028956949028,10
43.7673,-79.4111,0.28458193060683584,38
43.652,-79.3633,-0.5182710364093235,12
43.652,-79.3633,-0.6109079172188803,9
43.9583,-78.3204,-0.5182710364093235,12
43.6473,-79.5618,-0.20948143371080064,22
43.652,-79.3633,-0.6109079172188803,9
43.6655,-79.4204,-0.5182710364093235,12
43.652,-79.3633,-0.580028956949028,10
43.6446,-79.3842,-0.6109079172188803,9
43.6449,-79.3843,1.0256769770832908,62
43.652,-79.3633,-0.5182710364093235,12
43.652,-79.3633,-0.48739207613947116,13
43.652,-79.3633,-0.6109079172188803,9
43.652,-79.3633,-0.580028956949028,10
43.652,-79.3633,-0.4565131158696189,14
43.652,-79.3633,-0.6109079172188803,9
43.652,-79.3633,-0.36387623506006206,17
43.8669,-79.4414,-0.4565131158696189,14
43.652,-79.3633,-0.6417868774887325,8
43.9426,-79.4452,-0.5182710364093235,12
43.6496,-79.3833,-0.36387623506006206,17
43.652,-79.3633,-0.24036039398065293,21
43.623,-79.3936,3.3415989973222118,137
43.6446,-79.3842,-0.4256341555997666,15
43.652,-79.3633,-0.6109079172188803,9
43.7334,-79.3329,-0.4565131158696189,14
43.6655,-79.4204,-0.36387623506006206,17
43.6404,-79.3995,-0.3947551953299143,16
43.652,-79.3633,-0.5182710364093235,12
43.652,-79.3633,-0.6109079172188803,9
49.2827,-123.121,1.3035876195119611,71
40.9767,-73.6955,0.2537029703369836,37
43.652,-79.3633,-0.6109079172188803,9
43.652,-79.3633,-0.6109079172188803,9
43.652,-79.3633,-0.6417868774887325,8
43.652,-79.3633,-0.580028956949028,10
43.6532,-79.3832,-0.5182710364093235,12
49.2672,-122.738,-0.4565131158696189,14
43.652,-79.3633,-0.36387623506006206,17
43.652,-79.3633,-0.5491499966791757,11
43.6509,-79.362,-0.580028956949028,10
43.652,-79.3633,-0.6109079172188803,9
45.5029,-73.5723,-0.1168445529012438,25
43.6532,-79.3832,2.260835387877382,102
43.652,-79.3633,-0.6109079172188803,9
43.6532,-79.3832,-0.5182710364093235,12
43.652,-79.3633,-0.6417868774887325,8
49.2827,-123.121,1.3035876195119611,71
43.8025,-79.344,-0.6109079172188803,9
43.652,-79.3633,-0.6109079172188803,9
43.652,-79.3633,-0.6109079172188803,9
45.4215,-75.6972,3.1254462754332457,130
43.652,-79.3633,-0.5491499966791757,11
43.652,-79.3633,-0.6109079172188803,9
45.4215,-75.6972,6.336858143497883,234
45.5017,-73.5673,-0.36387623506006206,17
43.6152,-79.5574,-0.08596559263139153,26
43.6447,-79.3841,-0.4256341555997666,15
43.7,-79.5667,-0.3947551953299143,16
43.8025,-79.344,-0.5491499966791757,11
45.497,-73.5734,-0.3947551953299143,16
43.8025,-79.344,-0.6417868774887325,8
43.652,-79.3633,-0.5491499966791757,11
39.0438,-77.4874,-0.3947551953299143,16
43.8025,-79.344,-0.6417868774887325,8
43.8025,-79.344,-0.580028956949028,10
43.8025,-79.344,-0.580028956949028,10
43.6447,-79.3841,-0.5182710364093235,12
43.6449,-79.3843,-0.48739207613947116,13
43.652,-79.3633,-0.580028956949028,10
43.6446,-79.3842,-0.48739207613947116,13
43.8092,-79.3427,-0.580028956949028,10
43.652,-79.3633,-0.6417868774887325,8
43.75,-79.2,-0.1168445529012438,25
43.8092,-79.3427,-0.6109079172188803,9
43.782,-79.4713,-0.6109079172188803,9
43.623,-79.3936,2.8784145932744276,122
43.6655,-79.4204,1.056555937353143,63
43.652,-79.3633,-0.6417868774887325,8
43.9583,-78.3204,-0.5491499966791757,11
43.652,-79.3633,-0.580028956949028,10
43.6532,-79.3832,-0.14772351317109608,24
43.652,-79.3633,-0.580028956949028,10
43.652,-79.3633,-0.6109079172188803,9
43.652,-79.3633,-0.6109079172188803,9
43.7694,-79.4921,-0.3021183145203575,19
43.6446,-79.3842,-0.6417868774887325,8
43.652,-79.3633,-0.6109079172188803,9
43.652,-79.3633,-0.6109079172188803,9
43.6447,-79.3841,-0.3947551953299143,16
43.652,-79.3633,-0.6417868774887325,8
43.6446,-79.3842,-0.33299727479020974,18
43.8599,-79.341,-0.4256341555997666,15
43.7366,-79.5401,-0.36387623506006206,17
43.8025,-79.344,-0.6109079172188803,9
43.9583,-78.3204,-0.5491499966791757,11
43.6447,-79.3841,-0.5182710364093235,12
43.652,-79.3633,-0.4565131158696189,14
43.8092,-79.3427,-0.5182710364093235,12
43.7122,-79.2843,0.963919056543586,60
43.652,-79.3633,-0.6417868774887325,8
43.821,-79.3436,0.2537029703369836,37
43.6655,-79.4378,-0.5491499966791757,11
43.6414,-79.3772,-0.6109079172188803,9
43.6449,-79.3843,-0.08596559263139153,26
43.652,-79.3633,-0.6109079172188803,9
43.652,-79.3633,-0.6109079172188803,9
43.652,-79.3633,-0.6109079172188803,9
43.821,-79.3436,-0.6109079172188803,9
43.652,-79.3633,-0.6109079172188803,9
43.652,-79.3633,-0.6417868774887325,8
43.652,-79.3633,-0.6109079172188803,9
43.7673,-79.4111,0.1610660895274267,34
43.6655,-79.4204,0.9947980168134384,61
43.6655,-79.4204,0.9947980168134384,61
43.6447,-79.3841,-0.14772351317109608,24
45.5029,-73.5723,-0.14772351317109608,24
43.652,-79.3633,-0.5182710364093235,12
43.6033,-79.538,-0.3947551953299143,16
43.6387,-79.4262,-0.4565131158696189,14
43.652,-79.3633,-0.580028956949028,10
43.7673,-79.4111,0.1610660895274267,34
43.782,-79.4713,-0.4565131158696189,14
43.6447,-79.3841,-0.5182710364093235,12
43.3688,-79.7556,-0.4256341555997666,15
43.2264,-79.7057,0.4389767319560972,43
43.6532,-79.3832,-0.5182710364093235,12
43.6446,-79.3842,-0.3947551953299143,16
43.6447,-79.3841,-0.4256341555997666,15
43.6447,-79.3841,-0.48739207613947116,13
43.652,-79.3633,-0.6417868774887325,8
43.6447,-79.3841,-0.5182710364093235,12
43.6447,-79.3841,-0.5491499966791757,11
43.6532,-79.3832,-0.4256341555997666,15
43.6532,-79.3832,-0.5182710364093235,12
43.6447,-79.3841,-0.48739207613947116,13
43.8259,-79.2518,0.6242504935752109,49
43.6655,-79.4204,-0.6109079172188803,9
43.6655,-79.4204,0.9947980168134384,61
43.6447,-79.3841,-0.5491499966791757,11
43.7379,-79.726,-0.1168445529012438,25
43.652,-79.3633,-0.6109079172188803,9
43.6447,-79.3841,-0.5491499966791757,11
43.652,-79.3633,-0.6109079172188803,9
43.6447,-79.3841,-0.48739207613947116,13
43.6447,-79.3841,-0.5182710364093235,12
43.6449,-79.3843,-0.5182710364093235,12
43.6447,-79.3841,-0.5182710364093235,12
43.6447,-79.3841,-0.5182710364093235,12
43.9583,-78.3204,-0.5491499966791757,11
43.652,-79.3633,-0.6417868774887325,8
43.649,-79.3856,-0.14772351317109608,24
43.649,-79.3856,-0.14772351317109608,24
43.6447,-79.3841,-0.48739207613947116,13
43.6447,-79.3841,-0.48739207613947116,13
43.6447,-79.3841,-0.48739207613947116,13
43.6447,-79.3841,-0.5182710364093235,12
25.7617,-80.1918,0.6860084141149154,51
43.652,-79.3633,-0.6109079172188803,9
49.2827,-123.121,1.3035876195119611,71
43.6447,-79.3841,-0.5491499966791757,11
43.9583,-78.3204,-0.5182710364093235,12
43.6447,-79.3841,-0.5491499966791757,11
43.6449,-79.3843,-0.5491499966791757,11
43.6446,-79.3842,-0.3947551953299143,16
43.6447,-79.3841,-0.5491499966791757,11
43.6447,-79.3841,-0.5182710364093235,12
43.6532,-79.3832,2.260835387877382,102
43.652,-79.3633,-0.6109079172188803,9
40.7128,-74.0059,-0.20948143371080064,22
43.652,-79.3633,-0.6109079172188803,9
43.9583,-78.3204,-0.14772351317109608,24
43.652,-79.3633,-0.6109079172188803,9
43.652,-79.3633,-0.6417868774887325,8
43.6414,-79.3772,-0.6417868774887325,8
40.7128,-74.0059,1.8902878646391545,90
32.7834,-96.8052,0.5933715333053586,48
43.652,-79.3633,-0.6109079172188803,9
43.6446,-79.3842,-0.3947551953299143,16
43.652,-79.3633,-0.6109079172188803,9
43.652,-79.3633,-0.6109079172188803,9
43.5441,-80.2608,-0.3947551953299143,16
43.5441,-80.2608,-0.3947551953299143,16
43.652,-79.3633,-0.580028956949028,10
43.652,-79.3633,-0.6109079172188803,9
43.6446,-79.3842,-0.4256341555997666,15
43.6487,-79.3851,-0.4256341555997666,15
43.652,-79.3633,-0.6417868774887325,8
43.652,-79.3633,-0.6417868774887325,8
43.6449,-79.3843,-0.055086632361539246,27
43.652,-79.3633,-0.580028956949028,10
43.652,-79.3633,-0.6417868774887325,8
43.652,-79.3633,-0.6109079172188803,9
45.4215,-75.6972,2.940172513814132,124
43.652,-79.3633,-0.6109079172188803,9
43.6479,-79.3929,-0.4565131158696189,14
43.6655,-79.4204,-0.2712393542505052,20
43.623,-79.3936,2.8784145932744276,122
43.652,-79.3633,-0.6109079172188803,9
43.6655,-79.4204,-0.3021183145203575,19
43.6446,-79.3842,-0.4256341555997666,15
43.6404,-79.3995,-0.4565131158696189,14
43.6446,-79.3842,0.2537029703369836,37
43.6532,-79.3832,-0.48739207613947116,13
43.6446,-79.3842,-0.4256341555997666,15
32.7767,-96.797,0.5316136127656541,46
43.652,-79.3633,-0.6109079172188803,9
45.0292,-74.7316,-0.17860247344094837,23
43.652,-79.3633,-0.580028956949028,10
43.652,-79.3633,-0.580028956949028,10
43.652,-79.3633,-0.580028956949028,10
43.652,-79.3633,-0.6109079172188803,9
43.8599,-79.341,-0.055086632361539246,27
43.821,-79.3436,-0.3021183145203575,19
39.0438,-77.4874,-0.4256341555997666,15
43.652,-79.3633,-0.6109079172188803,9
43.7143,-79.4065,-0.4565131158696189,14
43.652,-79.3633,-0.6109079172188803,9
43.652,-79.3633,-0.6109079172188803,9
43.652,-79.3633,-0.6109079172188803,9
43.6415,-79.4111,0.3772188114163927,41
40.7368,-74.1734,-0.17860247344094837,23
43.821,-79.3436,-0.6109079172188803,9
43.652,-79.3633,-0.6109079172188803,9
43.6447,-79.3841,-0.5182710364093235,12
39.0438,-77.4874,-0.4256341555997666,15
43.652,-79.3633,-0.6417868774887325,8
43.652,-79.3633,-0.33299727479020974,18
43.623,-79.3936,2.847535633004575,121
43.652,-79.3633,-0.6417868774887325,8
43.782,-79.4713,-0.4565131158696189,14
43.6414,-79.3772,-0.580028956949028,10
43.623,-79.3936,2.8784145932744276,122
43.6447,-79.3841,-0.5182710364093235,12
14.6383,121.084,-0.6417868774887325,8
43.5441,-80.2608,-0.4256341555997666,15
43.5441,-80.2608,-0.3947551953299143,16
43.821,-79.3436,0.46985569222594953,44
54.4502,-110.2017,2.600503950845757,113
43.6447,-79.3841,0.9947980168134384,61
43.6033,-79.538,-0.3947551953299143,16
43.4292,-79.7335,-0.24036039398065293,21
43.652,-79.3633,-0.6109079172188803,9
43.6564,-79.386,-0.6109079172188803,9
43.6915,-79.4307,-0.48739207613947116,13
43.6512,-79.4828,0.06842920871786988,31
43.623,-79.3936,2.9092935535442797,123
43.652,-79.3633,-0.5491499966791757,11
44.9001,-76.0161,-0.14772351317109608,24
18.4286,-64.6185,-0.36387623506006206,17
43.652,-79.3633,-0.6109079172188803,9
43.652,-79.3633,-0.6109079172188803,9
43.652,-79.3633,-0.6109079172188803,9
43.652,-79.3633,-0.5491499966791757,11
36.17,-115.224,0.28458193060683584,38
38.9072,-77.0369,0.2537029703369836,37
43.652,-79.3633,-0.6109079172188803,9
43.6414,-79.3772,-0.5491499966791757,11
43.6037,-79.7357,0.4389767319560972,43
43.652,-79.3633,-0.6109079172188803,9
43.652,-79.3633,-0.6109079172188803,9
43.6256,-79.5231,0.191945049797279,35
43.652,-79.3633,-0.6109079172188803,9
43.7,-79.5667,-0.14772351317109608,24
43.652,-79.3633,-0.6109079172188803,9
43.652,-79.3633,-0.6109079172188803,9
40.7128,-74.0059,-0.20948143371080064,22
43.6449,-79.3843,-0.48739207613947116,13
43.652,-79.3633,-0.6109079172188803,9
43.8669,-79.4414,-0.3947551953299143,16
43.652,-79.3633,-0.580028956949028,10
43.8025,-79.344,-0.580028956949028,10
43.6861,-79.4025,-0.3021183145203575,19
43.6447,-79.3841,1.0256769770832908,62
43.623,-79.3936,2.7857777124648706,119
25.7617,-80.1918,0.6860084141149154,51
43.8985,-79.4143,0.191945049797279,35
43.652,-79.3633,-0.5491499966791757,11
25.7617,-80.1918,0.7477663346546201,53
43.6404,-79.3995,-0.36387623506006206,17
43.652,-79.3633,-0.580028956949028,10
43.6555,-79.3626,-0.4565131158696189,14
43.7068,-79.517,-0.08596559263139153,26
43.652,-79.3633,-0.580028956949028,10
40.8275,-73.4659,-0.36387623506006206,17
43.6496,-79.3833,0.40809777168624495,42
43.652,-79.3633,-0.6109079172188803,9
43.6447,-79.3841,-0.5182710364093235,12
43.652,-79.3633,-0.580028956949028,10
32.7834,-96.8052,0.6242504935752109,49
43.6404,-79.3995,-0.4565131158696189,14
43.652,-79.3633,-0.6109079172188803,9
43.6449,-79.3843,-0.5182710364093235,12
43.652,-79.3633,-0.6109079172188803,9
41.8781,-87.6298,1.7976509838295978,87
41.8781,-87.6298,1.7976509838295978,87
43.652,-79.3633,-0.580028956949028,10
43.652,-79.3633,-0.5182710364093235,12
43.652,-79.3633,-0.6109079172188803,9
43.652,-79.3633,-0.580028956949028,10
43.652,-79.3633,-0.48739207613947116,13
43.6449,-79.3843,0.9947980168134384,61
43.6655,-79.4204,-0.36387623506006206,17
43.6449,-79.3843,-0.48739207613947116,13
43.652,-79.3633,-0.5491499966791757,11
43.652,-79.3633,-0.6109079172188803,9
43.8259,-79.2518,-0.33299727479020974,18
43.6655,-79.4204,-0.5182710364093235,12
43.6748,-79.4839,-0.20948143371080064,22
43.652,-79.3633,-0.6109079172188803,9
43.652,-79.3633,-0.580028956949028,10
43.6447,-79.3841,-0.48739207613947116,13
43.6532,-79.3832,-0.20948143371080064,22
18.4219,-64.6177,-0.3947551953299143,16
43.3666,-80.2239,0.1610660895274267,34
43.623,-79.3936,2.971051474083984,125
43.6325,-79.4939,-0.1168445529012438,25
43.821,-79.3436,-0.5491499966791757,11
43.8558,-79.0972,-0.2712393542505052,20
43.652,-79.3633,-0.580028956949028,10
43.652,-79.3633,-0.580028956949028,10
43.652,-79.3633,-0.6109079172188803,9
43.652,-79.3633,-0.580028956949028,10
43.623,-79.3936,2.940172513814132,124
43.652,-79.3633,-0.6109079172188803,9
43.5588,-80.3004,0.40809777168624495,42
43.6469,-79.4521,0.22282401006713126,36
43.6414,-79.3772,-0.5491499966791757,11
43.6447,-79.3841,-0.5491499966791757,11
43.623,-79.3936,3.6195096397508824,146
45.5029,-73.5723,-0.1168445529012438,25
43.623,-79.3936,2.8784145932744276,122
43.6446,-79.3842,-0.36387623506006206,17
43.652,-79.3633,-0.580028956949028,10
43.6446,-79.3842,-0.4256341555997666,15
41.8781,-87.6298,1.7667720235597453,86
43.623,-79.3936,4.514999487576598,175
43.6447,-79.3841,-0.36387623506006206,17
18.4219,-64.6177,-0.3947551953299143,16
43.6655,-79.4204,-0.4256341555997666,15
43.652,-79.3633,-0.6109079172188803,9
43.8208,-79.2393,-0.33299727479020974,18
43.652,-79.3633,-0.6109079172188803,9
40.7084,-74.0057,0.40809777168624495,42
43.652,-79.3633,-0.580028956949028,10
43.6447,-79.3841,-0.3947551953299143,16
43.623,-79.3936,4.020936123258962,159
43.623,-79.3936,3.928299242449405,156
43.6512,-79.4828,0.6242504935752109,49
43.652,-79.3633,-0.5491499966791757,11
45.573,-73.5701,-0.24036039398065293,21
43.652,-79.3633,-0.6417868774887325,8
43.8259,-79.2518,0.5624925730355064,47
43.623,-79.3936,2.8784145932744276,122
40.7128,-74.0059,-0.4256341555997666,15
43.652,-79.3633,-0.6109079172188803,9
43.652,-79.3633,-0.6109079172188803,9
43.623,-79.3936,2.8784145932744276,122
43.623,-79.3936,2.8784145932744276,122
38.9072,-77.0369,0.191945049797279,35
43.6889,-79.4507,-0.48739207613947116,13
41.8781,-87.6298,1.735893063289893,85
43.6655,-79.4204,0.6551294538450632,50
40.7128,-74.0059,-0.4256341555997666,15
43.6479,-79.3929,-0.24036039398065293,21
43.652,-79.3633,-0.6109079172188803,9
43.6449,-79.3843,-0.5491499966791757,11
25.7617,-80.1918,1.7667720235597453,86
43.8092,-79.3427,-0.6417868774887325,8
43.652,-79.3633,-0.6109079172188803,9
43.6555,-79.3626,-0.4565131158696189,14
43.7615,-79.4111,0.28458193060683584,38
43.8599,-79.341,0.963919056543586,60
43.652,-79.3633,-0.6417868774887325,8
41.8781,-87.6298,1.735893063289893,85
43.6915,-79.4307,-0.2712393542505052,20
43.652,-79.3633,-0.6109079172188803,9
43.652,-79.3633,-0.17860247344094837,23
32.7834,-96.8052,0.7168873743847678,52
43.8599,-79.341,-0.20948143371080064,22
43.652,-79.3633,-0.580028956949028,10
43.652,-79.3633,-0.5491499966791757,11
43.652,-79.3633,-0.6417868774887325,8
43.6404,-79.3995,-0.024207672091686967,28
43.652,-79.3633,-0.580028956949028,10
43.6447,-79.3841,-0.4256341555997666,15
43.6449,-79.3843,0.006671288178165313,29
43.652,-79.3633,-0.6417868774887325,8
50.8466,-0.98823,1.7050141030200407,84
48.4829,-123.336,-0.48739207613947116,13
43.3688,-79.7556,-0.48739207613947116,13
43.6655,-79.4204,-0.055086632361539246,27
43.6414,-79.3772,-0.6109079172188803,9
43.652,-79.3633,-0.580028956949028,10
43.7673,-79.4111,-0.17860247344094837,23
43.6487,-79.3851,-0.36387623506006206,17
43.652,-79.3633,-0.580028956949028,10
45.4347,-76.3518,-0.24036039398065293,21
43.7673,-79.4111,0.006671288178165313,29
43.652,-79.3633,-0.4565131158696189,14
43.652,-79.3633,-0.580028956949028,10
43.8669,-79.4414,-0.4256341555997666,15
43.652,-79.3633,-0.580028956949028,10
43.652,-79.3633,-0.6109079172188803,9
43.6447,-79.3841,-0.48739207613947116,13
45.4654,9.18592,3.804783401369996,152
52.1404,-106.608,0.5316136127656541,46
43.652,-79.3633,-0.580028956949028,10
25.7617,-80.1918,1.2727086592421089,70
43.652,-79.3633,-0.6109079172188803,9
43.652,-79.3633,-0.6109079172188803,9
39.0438,-77.4874,1.735893063289893,85
43.6736,-79.4035,-0.5491499966791757,11
43.6532,-79.3832,-0.3947551953299143,16
43.652,-79.3633,-0.6109079172188803,9
43.6532,-79.3832,0.06842920871786988,31
43.6934,-79.4857,-0.5491499966791757,11
43.6532,-79.3832,2.4461091494964955,108
40.7128,-74.0059,0.09930816898772216,32
43.652,-79.3633,-0.6109079172188803,9
43.6469,-79.4521,0.5007346524958018,45
43.6532,-79.3832,-0.5491499966791757,11
50.8525,-1.13652,1.6432561824803362,82
43.652,-79.3633,-0.5182710364093235,12
45.4174,-75.698,0.1610660895274267,34
43.6532,-79.3832,-0.14772351317109608,24
43.652,-79.3633,-0.6109079172188803,9
43.821,-79.3436,-0.6417868774887325,8
43.6477,-79.5615,-0.2712393542505052,20
43.652,-79.3633,-0.6417868774887325,8
47.6333,-122.369,1.5506193016707794,79
43.6414,-79.3772,-0.6417868774887325,8
43.652,-79.3633,-0.6417868774887325,8
43.6532,-79.3832,-0.14772351317109608,24
43.6532,-79.3832,-0.4256341555997666,15
43.1447,-79.2634,0.0375502484480176,30
43.6414,-79.3772,-0.48739207613947116,13
43.652,-79.3633,-0.6417868774887325,8
43.652,-79.3633,-0.6417868774887325,8
43.652,-79.3633,-0.580028956949028,10
43.6414,-79.3772,-0.6109079172188803,9
43.6414,-79.3772,-0.6109079172188803,9
43.6447,-79.3841,-0.5182710364093235,12
43.6446,-79.3842,-0.48739207613947116,13
43.6446,-79.3842,-0.48739207613947116,13
43.652,-79.3633,-0.6109079172188803,9
43.652,-79.3633,-0.580028956949028,10
43.6459,-79.3878,0.4389767319560972,43
43.652,-79.3633,-0.6109079172188803,9
43.5996,-80.5604,-0.024207672091686967,28
43.6447,-79.3841,1.0256769770832908,62
43.782,-79.4713,-0.6417868774887325,8
43.782,-79.4713,-0.48739207613947116,13
43.652,-79.3633,-0.6109079172188803,9
43.623,-79.3936,-0.2712393542505052,20
43.6447,-79.3841,1.180071778432552,67
43.652,-79.3633,-0.6109079172188803,9
43.652,-79.3633,-0.6417868774887325,8
43.6532,-79.3832,-0.3021183145203575,19
38.9072,-77.0369,0.1610660895274267,34
45.0292,-74.7316,-0.2712393542505052,20
43.7059,-79.3464,0.5007346524958018,45
43.6447,-79.3841,0.963919056543586,60
43.652,-79.3633,-0.6417868774887325,8
43.652,-79.3633,-0.6417868774887325,8
43.8479,-79.3288,0.22282401006713126,36
43.6414,-79.3772,-0.6109079172188803,9
43.652,-79.3633,-0.6109079172188803,9
48.4829,-123.336,-0.5182710364093235,12
43.8599,-79.341,-0.33299727479020974,18
43.6033,-79.538,-0.4256341555997666,15
43.8259,-79.2518,0.5933715333053586,48
43.6447,-79.3841,-0.48739207613947116,13
43.652,-79.3633,-0.6417868774887325,8
43.652,-79.3633,-0.6417868774887325,8
43.6447,-79.3841,-0.5491499966791757,11
43.6447,-79.3841,-0.5182710364093235,12
43.6655,-79.4378,0.191945049797279,35
43.6459,-79.3879,-0.6417868774887325,8
43.6827,-79.373,0.3154608908766881,39
43.6033,-79.538,-0.4256341555997666,15
43.4462,-79.6686,-0.36387623506006206,17
45.5,-73.5833,0.13018712925757445,33
28.8586,-98.6987,1.2727086592421089,70
43.6532,-79.3832,-0.580028956949028,10
38.9072,-77.0369,0.191945049797279,35
43.7801,-79.3479,-0.3021183145203575,19
43.652,-79.3633,-0.6109079172188803,9
43.652,-79.3633,-0.580028956949028,10
43.652,-79.3633,-0.6109079172188803,9
43.6033,-79.538,-0.36387623506006206,17
43.7801,-79.3479,0.3154608908766881,39
43.782,-79.4713,-0.4256341555997666,15
43.6656,-79.383,0.6860084141149154,51
43.4462,-79.6686,-0.36387623506006206,17
43.6934,-79.4857,-0.48739207613947116,13
43.7801,-79.3479,1.3653455400516656,73
43.623,-79.3936,2.940172513814132,124
43.7143,-79.4065,-0.5491499966791757,11
40.7357,-74.1724,-0.3947551953299143,16
43.652,-79.3633,-0.580028956949028,10
43.7035,-79.2862,-0.3021183145203575,19
43.6449,-79.3843,1.056555937353143,63
43.652,-79.3633,-0.580028956949028,10
43.6655,-79.4204,-0.24036039398065293,21
43.6532,-79.3832,-0.4565131158696189,14
43.652,-79.3633,-0.6109079172188803,9
25.7617,-80.1918,1.2418296989722566,69
43.3688,-79.7556,-0.48739207613947116,13
43.8156,-79.4534,0.191945049797279,35
43.652,-79.3633,-0.6109079172188803,9
43.8259,-79.2518,-0.3947551953299143,16
43.6532,-79.3832,-0.5182710364093235,12
43.6447,-79.3841,1.0256769770832908,62
43.4462,-79.6686,-0.4256341555997666,15
43.6383,-79.4301,-0.5182710364093235,12
43.6404,-79.3995,-0.33299727479020974,18
43.6656,-79.383,0.28458193060683584,38
43.6417,-79.4123,-0.580028956949028,10
43.652,-79.3633,-0.580028956949028,10
43.6414,-79.3772,-0.6109079172188803,9
43.652,-79.3633,-0.6109079172188803,9
39.0438,-77.4874,0.191945049797279,35
43.6486,-79.3817,0.191945049797279,35
43.6404,-79.3995,-0.48739207613947116,13
43.6564,-79.386,-0.6109079172188803,9
43.6446,-79.3842,-0.36387623506006206,17
43.6404,-79.3995,-0.055086632361539246,27
43.652,-79.3633,-0.6417868774887325,8
44.5168,-80.0164,0.191945049797279,35
38.9072,-77.0369,0.22282401006713126,36
43.652,-79.3633,-0.6109079172188803,9
43.6447,-79.3841,-0.4565131158696189,14
43.6952,-79.2646,0.0375502484480176,30
32.7767,-96.797,0.5624925730355064,47
43.6417,-79.4123,-0.6109079172188803,9
43.6447,-79.3841,-0.5491499966791757,11
43.8479,-79.3288,-0.20948143371080064,22
43.6447,-79.3841,1.056555937353143,63
43.652,-79.3633,-0.6109079172188803,9
18.4286,-64.6185,-0.3947551953299143,16
18.4286,-64.6185,-0.3947551953299143,16
43.652,-79.3633,-0.6417868774887325,8
43.652,-79.3633,-0.6109079172188803,9
43.652,-79.3633,-0.6109079172188803,9
43.652,-79.3633,-0.580028956949028,10
43.6447,-79.3841,-0.5182710364093235,12
43.652,-79.3633,-0.6417868774887325,8
43.652,-79.3633,-0.580028956949028,10
43.7276,-79.3148,-0.24036039398065293,21
43.652,-79.3633,-0.6417868774887325,8
43.3688,-79.7556,-0.5182710364093235,12
28.8586,-98.6987,1.2418296989722566,69
43.652,-79.3633,-0.5491499966791757,11
43.821,-79.3436,-0.580028956949028,10
43.6448,-79.384,-0.36387623506006206,17
28.8586,-98.6987,1.2418296989722566,69
43.6449,-79.3843,-0.48739207613947116,13
43.6915,-79.4307,0.963919056543586,60
43.6447,-79.3841,-0.48739207613947116,13
43.6655,-79.4204,-0.24036039398065293,21
43.652,-79.3633,-0.5491499966791757,11
43.9426,-79.4452,-0.48739207613947116,13
43.7722,-79.6255,-0.4256341555997666,15
25.7617,-80.1918,0.6860084141149154,51
43.652,-79.3633,-0.580028956949028,10
45.5029,-73.5723,-0.1168445529012438,25
43.6449,-79.3843,1.0256769770832908,62
43.6532,-79.3832,-0.4565131158696189,14
43.652,-79.3633,-0.48739207613947116,13
43.6532,-79.3832,-0.3021183145203575,19
43.8599,-79.341,-0.36387623506006206,17
43.652,-79.3633,-0.5491499966791757,11
43.6446,-79.3842,-0.5491499966791757,11
43.6417,-79.4123,-0.5182710364093235,12
43.6414,-79.3772,-0.5491499966791757,11
43.652,-79.3633,-0.5491499966791757,11
43.7722,-79.6255,-0.36387623506006206,17
43.7535,-79.4472,1.056555937353143,63
43.6414,-79.3772,-0.5491499966791757,11
43.7113,-79.4195,-0.20948143371080064,22
43.7722,-79.6255,-0.5182710364093235,12
43.652,-79.3633,-0.580028956949028,10
43.6414,-79.3772,-0.5491499966791757,11
43.652,-79.3633,-0.5182710364093235,12
43.6414,-79.3772,-0.5491499966791757,11
43.652,-79.3633,-0.580028956949028,10
43.6414,-79.3772,-0.5491499966791757,11
43.6364,-79.5391,1.3035876195119611,71
43.6152,-79.5574,0.0375502484480176,30
43.652,-79.3633,-0.5491499966791757,11
43.6447,-79.3841,1.056555937353143,63
43.652,-79.3633,-0.5491499966791757,11
43.6447,-79.3841,-0.4256341555997666,15
43.8259,-79.2518,-0.36387623506006206,17
43.6414,-79.3772,-0.5491499966791757,11
43.652,-79.3633,-0.580028956949028,10
43.652,-79.3633,-0.5491499966791757,11
43.652,-79.3633,-0.4565131158696189,14
40.7128,-74.0059,-0.14772351317109608,24
18.4219,-64.6177,-0.36387623506006206,17
49.2672,-122.738,-0.5491499966791757,11
43.6555,-79.3626,-0.5182710364093235,12
43.4462,-79.6686,-0.33299727479020974,18
45.5017,-73.5673,-0.3021183145203575,19
43.3688,-79.7556,-0.4565131158696189,14
43.652,-79.3633,-0.580028956949028,10
43.652,-79.3633,-0.6109079172188803,9
43.6861,-79.4025,0.3772188114163927,41
43.652,-79.3633,-0.6417868774887325,8
43.652,-79.3633,-0.48739207613947116,13
43.652,-79.3633,-0.6109079172188803,9
43.652,-79.3633,-0.6109079172188803,9
40.7128,-74.0059,-0.24036039398065293,21
39.7106,-104.988,-0.36387623506006206,17
43.7366,-79.5401,-0.36387623506006206,17
43.652,-79.3633,-0.6109079172188803,9
43.6496,-79.3833,-0.4256341555997666,15
43.7801,-79.3479,0.34633985114654037,40
40.7128,-74.0059,0.1610660895274267,34
43.6447,-79.3841,1.0256769770832908,62
43.652,-79.3633,-0.6109079172188803,9
40.7128,-74.0059,-0.3947551953299143,16
43.6447,-79.3841,1.0256769770832908,62
43.6447,-79.3841,1.0256769770832908,62
25.7617,-80.1918,0.7168873743847678,52
39.0438,-77.4874,-0.24036039398065293,21
45.0292,-74.7316,-0.2712393542505052,20
43.652,-79.3633,-0.6109079172188803,9
49.2827,-123.121,1.3035876195119611,71
43.8025,-79.344,-0.580028956949028,10
43.8259,-79.2518,0.5933715333053586,48
43.8208,-79.2393,-0.24036039398065293,21
43.8092,-79.3427,-0.580028956949028,10
49.2827,-123.121,1.3035876195119611,71
43.652,-79.3633,-0.580028956949028,10
43.6152,-79.5574,-0.1168445529012438,25
43.6152,-79.5574,-0.1168445529012438,25
25.7617,-80.1918,0.9330400962737337,59
43.4462,-79.6686,-0.4256341555997666,15
38.9072,-77.0369,0.191945049797279,35
43.652,-79.3633,-0.5491499966791757,11
45.5029,-73.5723,-0.08596559263139153,26
38.9072,-77.0369,0.191945049797279,35
43.6404,-79.3995,-0.33299727479020974,18
43.6447,-79.3841,-0.4565131158696189,14
43.8025,-79.344,-0.580028956949028,10
18.4219,-64.6177,-0.4256341555997666,15
49.2827,-123.121,1.3344665797818134,72
41.8781,-87.6298,1.3035876195119611,71
43.652,-79.3633,-0.6109079172188803,9
43.6447,-79.3841,0.9947980168134384,61
25.7617,-80.1918,1.0874348976229953,64
39.7106,-104.988,0.6860084141149154,51
43.652,-79.3633,-0.6109079172188803,9
43.652,-79.3633,-0.6109079172188803,9
28.8586,-98.6987,1.2418296989722566,69
43.6414,-79.3772,-0.580028956949028,10
39.0438,-77.4874,-0.4256341555997666,15
49.2827,-123.121,1.3035876195119611,71
43.6414,-79.3772,-0.6109079172188803,9
43.6532,-79.3832,-0.36387623506006206,17
43.652,-79.3633,-0.6109079172188803,9
43.652,-79.3633,-0.6109079172188803,9
43.821,-79.3436,-0.580028956949028,10
43.6447,-79.3841,-0.4565131158696189,14
43.652,-79.3633,-0.48739207613947116,13
43.6404,-79.3995,-0.3947551953299143,16
43.6447,-79.3841,-0.48739207613947116,13
43.652,-79.3633,-0.580028956949028,10
43.652,-79.3633,-0.580028956949028,10
43.652,-79.3633,-0.5491499966791757,11
40.7084,-74.0057,0.006671288178165313,29
45.5029,-73.5723,-0.14772351317109608,24
43.6033,-79.538,-0.36387623506006206,17
43.8599,-79.341,-0.24036039398065293,21
43.6414,-79.3772,-0.5491499966791757,11
43.4462,-79.6686,-0.3947551953299143,16
28.8586,-98.6987,1.3035876195119611,71
49.2623,-123.138,1.3962245003215181,74
43.8259,-79.2518,0.6242504935752109,49
25.7617,-80.1918,0.9947980168134384,61
43.6414,-79.3772,-0.580028956949028,10
38.9072,-77.0369,0.191945049797279,35
43.6414,-79.3772,-0.5182710364093235,12
43.8259,-79.2518,0.6551294538450632,50
43.6387,-79.4262,-0.4565131158696189,14
43.6532,-79.3832,0.9021611360038815,58
-8.55686,125.56,-0.24036039398065293,21
43.6447,-79.3841,-0.4256341555997666,15
-37.8019,144.988,-0.4256341555997666,15
43.6532,-79.3832,-0.4565131158696189,14
43.3688,-79.7556,-0.48739207613947116,13
43.6532,-79.3832,-0.08596559263139153,26
43.4462,-79.6686,-0.3947551953299143,16
28.8586,-98.6987,1.2418296989722566,69
43.6387,-79.4262,0.3154608908766881,39
43.6387,-79.4262,-0.4256341555997666,15
43.4462,-79.6686,-0.3947551953299143,16
43.652,-79.3633,-0.580028956949028,10
49.2623,-123.138,1.3344665797818134,72
43.6414,-79.3772,-0.6109079172188803,9
43.652,-79.3633,-0.6109079172188803,9
43.6447,-79.3841,0.9947980168134384,61
50.8466,-0.98823,1.6741351427501885,83
40.7084,-74.0057,-0.055086632361539246,27
43.6487,-79.3851,-0.4256341555997666,15
43.8669,-79.4414,0.34633985114654037,40
43.6447,-79.3841,-0.4256341555997666,15
39.0438,-77.4874,1.7667720235597453,86
43.6655,-79.4204,-0.33299727479020974,18
43.7143,-79.4065,-0.3947551953299143,16
43.6532,-79.3832,-0.3947551953299143,16
43.7137,-79.4869,-0.14772351317109608,24
43.6446,-79.3842,-0.36387623506006206,17
43.623,-79.3936,-0.36387623506006206,17
43.6414,-79.3772,-0.6109079172188803,9
43.6152,-79.5574,-0.1168445529012438,25
40.7128,-74.0059,1.7667720235597453,86
43.652,-79.3633,-0.6109079172188803,9
43.6447,-79.3841,-0.48739207613947116,13
43.6447,-79.3841,-0.4565131158696189,14
43.6152,-79.5574,-0.08596559263139153,26
28.8586,-98.6987,1.2418296989722566,69
43.4881,-79.7098,-0.3021183145203575,19
43.652,-79.3633,-0.580028956949028,10
43.6532,-79.3832,-0.33299727479020974,18
43.6452,-79.3997,-0.33299727479020974,18
43.8259,-79.2518,0.6242504935752109,49
43.3688,-79.7556,-0.5182710364093235,12
43.6404,-79.3995,-0.6109079172188803,9
43.7109,-79.2636,-0.2712393542505052,20
43.652,-79.3633,-0.6109079172188803,9
40.7084,-74.0057,0.006671288178165313,29
43.8092,-79.3427,-0.6109079172188803,9
43.821,-79.3436,-0.580028956949028,10
43.6471,-79.5127,-0.4256341555997666,15
40.7128,-74.0059,1.7667720235597453,86
43.6414,-79.3772,-0.580028956949028,10
43.652,-79.3633,-0.580028956949028,10
43.782,-79.4713,-0.4565131158696189,14
45.5017,-73.5673,-0.4256341555997666,15
43.652,-79.3633,-0.6109079172188803,9
43.652,-79.3633,-0.6109079172188803,9
43.6414,-79.3772,-0.6109079172188803,9
38.9072,-77.0369,0.191945049797279,35
43.6414,-79.3772,-0.6109079172188803,9
43.8025,-79.344,-0.6109079172188803,9
28.8586,-98.6987,1.2418296989722566,69
43.652,-79.3633,-0.6109079172188803,9
32.7767,-96.797,0.5624925730355064,47
43.652,-79.3633,-0.6109079172188803,9
39.0438,-77.4874,1.7976509838295978,87
39.0438,-77.4874,-0.3947551953299143,16
40.7128,-74.0059,1.7667720235597453,86
43.652,-79.3633,-0.6109079172188803,9
28.8586,-98.6987,1.2727086592421089,70
43.652,-79.3633,-0.6109079172188803,9
45.5029,-73.5723,-0.1168445529012438,25
18.4219,-64.6177,-0.4256341555997666,15
41.8781,-87.6298,1.2727086592421089,70
39.0438,-77.4874,-0.17860247344094837,23
48.4829,-123.336,-0.4565131158696189,14
39.0438,-77.4874,1.7667720235597453,86
40.7357,-74.1724,-0.4256341555997666,15
43.652,-79.3633,-0.6109079172188803,9
49.2068,-122.4851,1.82852994409945,88
39.0438,-77.4874,-0.24036039398065293,21
43.6447,-79.3841,-0.5182710364093235,12
41.0267,-73.6264,1.2727086592421089,70
43.6414,-79.3772,-0.5182710364093235,12
43.6447,-79.3841,-0.4565131158696189,14
43.652,-79.3633,-0.580028956949028,10
38.9072,-77.0369,0.28458193060683584,38
43.6447,-79.3841,1.0256769770832908,62
43.6471,-79.5127,-0.4256341555997666,15
43.8599,-79.341,-0.4256341555997666,15
43.652,-79.3633,-0.580028956949028,10
49.2672,-122.738,-0.580028956949028,10
43.6414,-79.3772,-0.6109079172188803,9
43.4462,-79.6686,-0.3947551953299143,16
43.652,-79.3633,-0.580028956949028,10
43.652,-79.3633,-0.580028956949028,10
41.8781,-87.6298,1.735893063289893,85
40.7128,-74.0059,-0.20948143371080064,22
43.652,-79.3633,-0.6109079172188803,9
43.6446,-79.3842,-0.36387623506006206,17
43.8025,-79.344,-0.580028956949028,10
43.6414,-79.3772,-0.6109079172188803,9
28.8586,-98.6987,1.3653455400516656,73
40.7357,-74.1724,-0.4256341555997666,15
43.6889,-79.4507,-0.2712393542505052,20
43.6449,-79.3843,-0.5182710364093235,12
39.0438,-77.4874,-0.3947551953299143,16
18.4286,-64.6185,-0.3947551953299143,16
44.4001,-79.6663,-0.4565131158696189,14
43.8025,-79.344,-0.580028956949028,10
43.6447,-79.3841,-0.3947551953299143,16
43.3329,-79.7859,-0.3021183145203575,19
40.7357,-74.1724,-0.3947551953299143,16
43.3688,-79.7556,-0.5182710364093235,12
43.6479,-79.3929,-0.48739207613947116,13
43.0957,-79.5494,-0.580028956949028,10
43.6448,-79.384,-0.24036039398065293,21
43.6414,-79.3772,-0.6109079172188803,9
49.2879,-123.113,1.3344665797818134,72
43.652,-79.3633,-0.580028956949028,10
28.8586,-98.6987,1.2727086592421089,70
39.7106,-104.988,0.6551294538450632,50
39.0438,-77.4874,-0.4256341555997666,15
43.652,-79.3633,-0.6109079172188803,9
44.4001,-79.6663,-0.6109079172188803,9
45.0292,-74.7316,-0.20948143371080064,22
45.5017,-73.5673,-0.3947551953299143,16
28.8586,-98.6987,1.2418296989722566,69
43.6414,-79.3772,-0.6417868774887325,8
49.2631,-123.125,2.044682665988416,95
49.2827,-123.121,1.3344665797818134,72
43.6414,-79.3772,-0.580028956949028,10
43.6033,-79.538,-0.3947551953299143,16
43.6414,-79.3772,-0.6109079172188803,9
43.6414,-79.3772,-0.6109079172188803,9
40.7357,-74.1724,-0.3947551953299143,16
24.422,54.5567,1.5814982619406317,80
43.6655,-79.4204,-0.36387623506006206,17
43.6404,-79.3995,-0.3947551953299143,16
37.7441,-122.422,-0.6109079172188803,9
43.6532,-79.3832,-0.4565131158696189,14
44.3138,-78.3606,-0.14772351317109608,24
43.8259,-79.2518,0.5933715333053586,48
43.6655,-79.4204,-0.5491499966791757,11
45.5017,-73.5673,-0.4256341555997666,15
43.6889,-79.4507,-0.3021183145203575,19
43.7124,-79.3644,-0.3021183145203575,19
43.6387,-79.4262,0.40809777168624495,42
43.6414,-79.3772,-0.580028956949028,10
40.7779,-73.9808,1.7976509838295978,87
43.6152,-79.5574,-0.1168445529012438,25
28.8586,-98.6987,1.2727086592421089,70
43.6655,-79.4204,-0.20948143371080064,22
45.5029,-73.5723,-0.14772351317109608,24
43.652,-79.3633,-0.6109079172188803,9
43.6414,-79.3772,-0.6109079172188803,9
43.652,-79.3633,-0.5491499966791757,11
28.8586,-98.6987,1.2418296989722566,69
43.6471,-79.5127,-0.5491499966791757,11
43.6446,-79.3842,-0.36387623506006206,17
52.1404,-106.608,0.6242504935752109,49
45.5017,-73.5673,-0.33299727479020974,18
40.7357,-74.1724,-0.4256341555997666,15
45.5029,-73.5723,-0.1168445529012438,25
43.6655,-79.4204,0.28458193060683584,38
38.9072,-77.0369,0.22282401006713126,36
38.9072,-77.0369,0.191945049797279,35
43.6446,-79.3842,-0.48739207613947116,13
43.1438,-80.26,-0.33299727479020974,18
43.6532,-79.3832,-0.4565131158696189,14
43.3688,-79.7556,-0.5182710364093235,12
43.589,-79.6441,-0.4565131158696189,14
40.7357,-74.1724,-0.3947551953299143,16
43.4462,-79.6686,-0.3947551953299143,16
43.652,-79.3633,-0.6417868774887325,8
28.8586,-98.6987,1.2418296989722566,69
43.6446,-79.3842,-0.36387623506006206,17
40.7357,-74.1724,-0.3947551953299143,16
41.8781,-87.6298,-0.3947551953299143,16
43.6152,-79.5574,-0.1168445529012438,25
45.5017,-73.5673,-0.36387623506006206,17
43.6404,-79.3995,-0.3021183145203575,19
43.6532,-79.3832,-0.3947551953299143,16
43.6414,-79.3772,-0.580028956949028,10
43.652,-79.3633,-0.6109079172188803,9
40.7357,-74.1724,-0.3021183145203575,19
45.5017,-73.5673,-0.33299727479020974,18
43.645,-79.3838,-0.5182710364093235,12
33.749,-84.388,0.6860084141149154,51
43.6033,-79.538,-0.33299727479020974,18
43.6414,-79.3772,-0.5182710364093235,12
43.6387,-79.4262,0.1610660895274267,34
45.5029,-73.5723,-0.14772351317109608,24
43.6572,-79.3783,-0.6109079172188803,9
43.652,-79.3633,-0.6109079172188803,9
43.652,-79.3633,-0.48739207613947116,13
43.4462,-79.6686,-0.3947551953299143,16
43.6414,-79.3772,-0.6417868774887325,8
41.8781,-87.6298,-0.3947551953299143,16
43.652,-79.3633,-0.48739207613947116,13
43.6532,-79.3832,-0.4256341555997666,15
43.4462,-79.6686,-0.4256341555997666,15
39.0438,-77.4874,-0.24036039398065293,21
43.4462,-79.6686,-0.4256341555997666,15
40.7128,-74.0059,-0.24036039398065293,21
43.6496,-79.3833,-0.4256341555997666,15
43.6033,-79.538,-0.3947551953299143,16
43.6387,-79.4262,0.0375502484480176,30
39.7106,-104.988,-0.2712393542505052,20
43.6414,-79.3772,-0.5182710364093235,12
43.6446,-79.3842,-0.36387623506006206,17
43.8208,-79.2393,-0.36387623506006206,17
43.8025,-79.344,-0.580028956949028,10
43.652,-79.3633,-0.4565131158696189,14
49.2851,-123.115,-0.33299727479020974,18
43.7137,-79.4869,-0.024207672091686967,28
43.6827,-79.373,-0.24036039398065293,21
43.623,-79.3936,-0.48739207613947116,13
32.7767,-96.797,0.7168873743847678,52
45.4969,-73.5754,-0.6417868774887325,8
43.8432,-79.5644,0.22282401006713126,36
32.7767,-96.797,0.5316136127656541,46
43.4462,-79.6686,-0.3947551953299143,16
49.2879,-123.113,1.3653455400516656,73
45.0292,-74.7316,-0.3947551953299143,16
41.0267,-73.6264,1.2418296989722566,69
41.8781,-87.6298,-0.3947551953299143,16
43.6414,-79.3772,-0.5182710364093235,12
43.6414,-79.3772,-0.48739207613947116,13
43.6496,-79.3833,-0.4256341555997666,15
43.6479,-79.3929,-0.6109079172188803,9
38.9072,-77.0369,0.1610660895274267,34
25.7617,-80.1918,0.6860084141149154,51
40.7128,-74.0059,-0.24036039398065293,21
38.9072,-77.0369,0.1610660895274267,34
43.6033,-79.538,-0.3947551953299143,16
39.0438,-77.4874,-0.4256341555997666,15
43.4462,-79.6686,-0.3947551953299143,16
43.782,-79.4713,-0.3947551953299143,16
51.5074,-0.127758,1.7667720235597453,86
43.6414,-79.3772,-0.48739207613947116,13
43.6471,-79.5127,-0.4565131158696189,14
43.6414,-79.3772,-0.48739207613947116,13
43.6655,-79.4204,-0.36387623506006206,17
43.6447,-79.3841,-0.3947551953299143,16
50.8466,-0.98823,1.7050141030200407,84
43.6033,-79.538,-0.3947551953299143,16
43.6414,-79.3772,-0.48739207613947116,13
43.7124,-79.3644,0.3772188114163927,41
39.0438,-77.4874,1.7667720235597453,86
38.9072,-77.0369,0.13018712925757445,33
43.8025,-79.344,-0.6109079172188803,9
43.8227,-79.3946,-0.4256341555997666,15
43.6447,-79.3841,-0.4256341555997666,15
43.652,-79.3633,-0.48739207613947116,13
43.8025,-79.344,-0.6109079172188803,9
43.6447,-79.3841,-0.4256341555997666,15
43.6512,-79.4828,0.006671288178165313,29
43.652,-79.3633,-0.5182710364093235,12
36.17,-115.224,0.0375502484480176,30
43.6541,-79.3978,-0.2712393542505052,20
43.6532,-79.3832,-0.17860247344094837,23
43.8025,-79.344,-0.4256341555997666,15
38.9072,-77.0369,0.1610660895274267,34
43.8025,-79.344,-0.580028956949028,10
43.6447,-79.3841,-0.36387623506006206,17
43.8208,-79.2393,-0.4256341555997666,15
43.6404,-79.3995,-0.4256341555997666,15
43.6605,-79.4633,0.06842920871786988,31
43.652,-79.3633,-0.4565131158696189,14
43.782,-79.4713,-0.4565131158696189,14
43.6889,-79.4507,-0.580028956949028,10
43.6889,-79.4507,-0.4256341555997666,15
43.6889,-79.4507,-0.6109079172188803,9
43.6404,-79.3995,0.9021611360038815,58
43.6655,-79.4378,-0.6109079172188803,9
38.9072,-77.0369,0.13018712925757445,33
43.6656,-79.383,-0.36387623506006206,17
36.17,-115.224,0.006671288178165313,29
43.6532,-79.3832,0.006671288178165313,29
43.6447,-79.3841,-0.3947551953299143,16
45.5014,-73.5627,0.22282401006713126,36
43.652,-79.3633,-0.4256341555997666,15
